user_id,gender,age,country,subscription_type,listening_time,songs_played_per_day,skip_rate,device_type,ads_listened_per_week,offline_listening,is_churned
8001,Female,44,IN,Family,190,72,0.12,Desktop,0,1,0
8002,Male,57,PK,Premium,135,49,0.14,Desktop,0,0,0
8003,Other,24,UK,Free,315,78,0.06,Web,53,1,0
8004,Male,55,DE,Premium,191,62,0.04,Mobile,0,1,0
8005,Male,22,US,Student,231,86,0.12,Desktop,0,0,0
8006,Other,54,CA,Family,245,74,0.12,Desktop,0,0,0
8007,Male,37,AU,Family,171,43,0.16,Web,0,1,1
8008,Female,28,US,Premium,192,86,0.22,Mobile,0,1,1
8009,Male,27,FR,Student,118,34,0.15,Web,0,0,0
8010,Female,26,PK,Free,18,26,0.47,Web,5,0,1
8011,Female,34,AU,Student,86,49,0.21,Mobile,0,1,0
8012,Other,17,US,Free,17,22,0.28,Web,5,1,1
8013,Female,44,UK,Free,212,74,0.11,Desktop,25,0,0
8014,Male,37,IN,Premium,243,72,0.4,Desktop,0,1,0
8015,Other,32,AU,Family,28,19,0.22,Web,0,1,1
8016,Female,57,IN,Family,217,48,0.17,Web,0,0,0
8017,Male,41,CA,Family,128,36,0.22,Desktop,0,1,0
8018,Other,37,US,Free,145,27,0.42,Web,38,0,0
8019,Female,45,CA,Family,217,72,0.29,Mobile,0,1,0
8020,Male,31,DE,Student,134,17,0.16,Desktop,0,0,1
8021,Female,38,UK,Family,310,93,0.31,Desktop,0,1,0
8022,Other,39,AU,Premium,212,61,0.28,Desktop,0,1,0
8023,Male,19,UK,Student,176,43,0.22,Desktop,0,0,0
8024,Female,47,DE,Free,191,66,0.12,Desktop,21,0,0
8025,Female,43,FR,Student,249,106,0.22,Desktop,0,0,0
8026,Other,17,DE,Premium,185,50,0.37,Mobile,0,1,0
8027,Male,34,IN,Premium,254,100,0.14,Mobile,0,1,0
8028,Male,48,FR,Premium,231,65,0.19,Web,0,1,0
8029,Male,16,DE,Student,182,41,0.15,Desktop,0,0,0
8030,Male,42,FR,Free,51,5,0.22,Mobile,12,1,0
8031,Female,20,IN,Premium,136,62,0.72,Web,0,0,1
8032,Other,18,DE,Student,51,5,0.17,Web,0,1,1
8033,Male,49,FR,Family,324,120,0.08,Desktop,0,0,0
8034,Male,49,FR,Student,180,47,0.27,Desktop,0,0,0
8035,Other,32,AU,Free,10,21,0.06,Mobile,14,1,0
8036,Female,47,CA,Premium,123,29,0.28,Web,0,0,1
8037,Male,42,US,Free,98,23,0.14,Desktop,14,0,0
8038,Female,17,DE,Student,229,75,0.19,Mobile,0,0,0
8039,Male,59,US,Family,169,72,0.31,Desktop,0,1,0
8040,Female,49,CA,Premium,154,42,0.16,Web,0,0,1
8041,Female,55,DE,Family,126,49,0.22,Mobile,0,1,1
8042,Male,34,AU,Premium,198,45,0.09,Mobile,0,1,0
8043,Male,59,UK,Family,252,87,0.02,Web,0,0,0
8044,Other,24,UK,Free,239,75,0.16,Mobile,38,0,0
8045,Female,55,PK,Premium,325,97,0.24,Desktop,0,1,0
8046,Other,22,CA,Premium,237,85,0.23,Mobile,0,1,0
8047,Other,25,US,Free,67,53,0.24,Desktop,33,1,0
8048,Female,41,CA,Student,65,9,0.38,Web,0,0,0
8049,Female,59,AU,Family,260,88,0.11,Web,0,1,0
8050,Female,24,DE,Student,79,1,0.14,Web,0,0,0
8051,Male,39,US,Premium,255,48,0.05,Desktop,0,1,0
8052,Male,44,US,Free,145,39,0.56,Desktop,11,0,0
8053,Other,47,UK,Premium,346,120,0.21,Desktop,0,0,0
8054,Other,50,PK,Family,149,28,0.26,Desktop,0,0,0
8055,Other,16,IN,Student,133,38,0.34,Desktop,0,0,0
8056,Male,45,PK,Family,340,60,0.05,Desktop,0,1,0
8057,Other,52,CA,Family,113,33,0.34,Desktop,0,1,0
8058,Male,22,UK,Student,110,33,0.15,Desktop,0,0,0
8059,Other,54,PK,Student,167,52,0.13,Desktop,0,0,1
8060,Male,32,US,Premium,70,14,0.19,Web,0,1,0
8061,Male,25,US,Premium,254,77,0.12,Mobile,0,1,0
8062,Other,41,IN,Free,33,48,0.34,Desktop,10,1,1
8063,Female,54,US,Student,223,68,0.19,Desktop,0,0,0
8064,Female,57,AU,Free,27,17,0.11,Mobile,5,1,1
8065,Female,16,FR,Student,196,69,0.25,Desktop,0,1,0
8066,Other,52,CA,Student,226,70,0.18,Web,0,0,0
8067,Male,41,US,Free,260,69,0.22,Web,51,1,0
8068,Male,43,DE,Family,304,101,0.33,Web,0,1,0
8069,Male,28,AU,Free,33,47,0.13,Web,5,0,0
8070,Female,48,CA,Family,250,92,0.91,Web,0,1,0
8071,Other,46,UK,Family,184,55,0.36,Web,0,0,0
8072,Other,43,AU,Free,184,45,0.35,Web,43,0,1
8073,Male,48,FR,Family,325,79,0.17,Web,0,0,0
8074,Other,59,PK,Premium,229,45,0.1,Web,0,1,0
8075,Female,30,AU,Premium,165,54,0.2,Web,0,1,0
8076,Female,30,US,Free,191,62,0.09,Desktop,20,0,0
8077,Male,36,UK,Student,232,88,0.22,Desktop,0,1,0
8078,Male,48,UK,Family,246,75,0.1,Web,0,0,0
8079,Male,59,US,Family,297,109,0.16,Mobile,0,1,0
8080,Female,31,AU,Student,113,33,0.36,Web,0,0,0
8081,Female,23,DE,Family,299,96,0.05,Desktop,0,1,0
8082,Other,46,UK,Student,35,40,0.29,Desktop,0,0,0
8083,Male,33,PK,Family,134,61,0.05,Mobile,0,1,1
8084,Female,29,PK,Student,181,43,0.3,Desktop,0,0,1
8085,Male,25,CA,Premium,316,85,0.1,Desktop,0,1,0
8086,Other,43,IN,Family,56,17,0.1,Mobile,0,1,1
8087,Other,39,CA,Free,133,54,0.04,Web,23,0,0
8088,Other,36,US,Family,162,48,0.2,Mobile,0,0,0
8089,Other,29,DE,Student,80,17,0.29,Desktop,0,0,1
8090,Female,53,FR,Family,142,53,0.11,Desktop,0,1,0
8091,Female,44,US,Student,163,45,0.25,Desktop,0,0,0
8092,Other,40,AU,Family,5,1,0.2,Desktop,0,0,1
8093,Other,51,CA,Premium,147,37,0.34,Mobile,0,1,0
8094,Female,28,AU,Family,129,46,0.12,Desktop,0,0,0
8095,Female,28,IN,Student,266,86,0.15,Desktop,0,0,0
8096,Other,51,AU,Student,140,25,0.26,Web,0,0,1
8097,Male,26,UK,Premium,226,44,0.13,Desktop,0,0,0
8098,Male,47,IN,Family,47,37,0.41,Mobile,0,1,0
8099,Male,23,UK,Student,40,1,0.06,Mobile,0,0,0
8100,Male,57,FR,Family,5,1,0.22,Web,0,1,0
8101,Other,31,AU,Family,111,13,0.16,Web,0,1,0
8102,Other,58,IN,Family,137,58,0.19,Web,0,1,1
8103,Other,33,FR,Family,153,48,0.15,Desktop,0,1,0
8104,Male,49,PK,Family,188,41,0.85,Desktop,0,1,1
8105,Female,49,UK,Free,12,16,0.14,Desktop,5,0,1
8106,Male,51,AU,Family,216,45,0.4,Web,0,1,0
8107,Female,53,IN,Family,164,63,0.15,Web,0,1,0
8108,Male,19,UK,Premium,149,31,0.04,Web,0,1,0
8109,Male,55,DE,Family,247,79,0.17,Desktop,0,0,0
8110,Other,50,PK,Free,162,32,0.13,Desktop,23,0,0
8111,Other,30,UK,Free,122,34,0.35,Mobile,18,0,0
8112,Female,49,CA,Free,53,28,0.08,Mobile,5,0,1
8113,Other,47,FR,Family,232,57,0.19,Web,0,1,0
8114,Other,44,DE,Free,95,37,0.25,Mobile,18,0,0
8115,Female,52,IN,Free,5,1,0.29,Desktop,7,0,1
8116,Other,28,US,Student,97,38,0.12,Mobile,0,0,0
8117,Female,35,UK,Family,63,1,0.33,Desktop,0,1,1
8118,Female,19,PK,Student,222,58,0.33,Desktop,0,0,0
8119,Male,48,UK,Premium,234,83,0.31,Mobile,0,0,0
8120,Other,41,PK,Free,183,42,0.35,Desktop,24,0,0
8121,Female,36,UK,Family,11,1,0.12,Web,0,1,1
8122,Male,29,PK,Family,168,43,0.19,Desktop,0,0,1
8123,Male,47,PK,Student,322,103,0.15,Mobile,0,1,0
8124,Male,36,PK,Family,169,38,0.16,Mobile,0,1,0
8125,Female,49,FR,Free,142,25,0.33,Web,30,0,1
8126,Female,50,PK,Family,179,69,0.28,Desktop,0,1,0
8127,Female,17,US,Student,261,71,0.04,Desktop,0,0,0
8128,Female,56,AU,Premium,5,17,0.31,Mobile,0,1,0
8129,Male,23,DE,Student,91,44,0.1,Web,0,0,0
8130,Male,20,US,Free,95,9,0.2,Mobile,5,1,0
8131,Other,45,UK,Family,251,88,0.11,Mobile,0,1,0
8132,Other,42,CA,Family,78,30,0.08,Web,0,1,0
8133,Female,29,AU,Family,141,24,0.22,Web,0,1,0
8134,Female,50,CA,Family,293,96,0.19,Mobile,0,1,0
8135,Female,53,DE,Family,28,19,0.13,Mobile,0,1,0
8136,Other,45,AU,Student,223,52,0.2,Web,0,0,0
8137,Female,27,FR,Premium,224,65,0.2,Web,0,1,0
8138,Female,18,FR,Premium,302,81,0.03,Mobile,0,1,0
8139,Female,29,CA,Premium,194,75,0.18,Desktop,0,1,0
8140,Female,56,US,Family,191,60,0.3,Mobile,0,1,0
8141,Other,23,PK,Student,169,61,0.18,Mobile,0,1,0
8142,Other,51,UK,Free,185,30,0.09,Desktop,19,0,0
8143,Male,24,US,Free,157,72,0.17,Mobile,22,0,1
8144,Female,58,UK,Premium,76,1,0.12,Mobile,0,0,1
8145,Female,51,AU,Family,66,5,0.1,Desktop,0,1,0
8146,Other,20,PK,Premium,277,70,0.16,Mobile,0,1,1
8147,Female,57,CA,Free,99,28,0.2,Web,17,0,0
8148,Female,37,AU,Family,131,29,0.32,Desktop,0,0,1
8149,Other,19,CA,Free,167,44,0.26,Desktop,38,1,0
8150,Other,34,IN,Family,148,60,0.22,Web,0,0,0
8151,Male,34,UK,Family,191,30,0.26,Desktop,0,1,0
8152,Other,29,CA,Premium,129,47,0.14,Web,0,0,0
8153,Female,46,IN,Free,122,25,0.22,Desktop,14,0,1
8154,Other,23,UK,Student,218,73,0.27,Mobile,0,0,0
8155,Male,24,UK,Free,123,28,0.07,Desktop,17,1,0
8156,Male,49,IN,Family,176,53,0.27,Mobile,0,1,0
8157,Male,38,PK,Premium,198,42,0.23,Desktop,0,1,0
8158,Male,46,FR,Family,207,49,0.14,Web,0,1,0
8159,Female,59,US,Free,219,81,0.45,Web,23,1,1
8160,Female,42,US,Family,242,91,0.07,Mobile,0,1,0
8161,Other,43,PK,Family,64,1,0.09,Desktop,0,0,0
8162,Other,48,AU,Family,198,45,0.39,Desktop,0,0,1
8163,Female,25,DE,Premium,163,33,0.45,Web,0,0,0
8164,Other,35,IN,Family,202,60,0.16,Web,0,0,0
8165,Female,27,PK,Student,242,74,0.29,Desktop,0,0,0
8166,Other,44,UK,Family,233,96,0.33,Desktop,0,0,0
8167,Other,22,UK,Student,232,70,0.25,Web,0,0,0
8168,Other,41,US,Family,162,40,0.08,Desktop,0,0,0
8169,Female,28,IN,Free,5,1,0.49,Mobile,5,0,1
8170,Female,33,CA,Free,283,91,0.18,Mobile,32,0,0
8171,Male,39,UK,Family,76,31,0.82,Desktop,0,0,1
8172,Male,42,UK,Family,69,1,0.03,Mobile,0,1,0
8173,Male,41,DE,Family,109,43,0.29,Mobile,0,1,0
8174,Male,34,DE,Premium,278,77,0.05,Web,0,0,0
8175,Male,19,UK,Family,202,66,0.23,Desktop,0,1,0
8176,Female,20,IN,Student,215,26,0.15,Web,0,0,0
8177,Female,56,DE,Student,114,45,0.21,Desktop,0,0,0
8178,Male,31,CA,Premium,57,19,0.16,Web,0,1,0
8179,Female,17,PK,Free,49,11,0.28,Mobile,5,1,0
8180,Other,16,US,Premium,314,115,0.11,Mobile,0,1,0
8181,Female,55,CA,Premium,209,58,0.19,Mobile,0,1,0
8182,Other,31,IN,Family,142,44,0.16,Mobile,0,1,0
8183,Male,48,FR,Free,154,45,0.18,Desktop,22,0,1
8184,Female,43,FR,Student,138,29,0.11,Mobile,0,0,1
8185,Female,42,DE,Family,178,40,0.12,Mobile,0,1,0
8186,Female,51,CA,Student,236,79,0.14,Web,0,1,0
8187,Male,51,CA,Family,224,54,0.19,Desktop,0,0,1
8188,Female,32,CA,Student,226,73,0.3,Mobile,0,1,0
8189,Other,48,CA,Student,104,29,0.03,Desktop,0,0,0
8190,Other,32,US,Free,252,69,0.21,Web,41,1,0
8191,Female,37,PK,Premium,131,39,0.09,Mobile,0,1,1
8192,Male,36,UK,Family,145,34,0.33,Web,0,0,0
8193,Male,47,IN,Family,223,67,0.23,Mobile,0,0,0
8194,Other,38,PK,Student,197,45,0.88,Desktop,0,0,0
8195,Male,48,FR,Free,79,4,0.4,Mobile,5,1,0
8196,Female,24,IN,Student,114,22,0.13,Web,0,0,0
8197,Other,54,PK,Family,273,98,0.15,Desktop,0,1,0
8198,Male,41,AU,Family,270,96,0.14,Web,0,0,0
8199,Female,26,DE,Premium,345,103,0.08,Desktop,0,1,0
8200,Other,35,PK,Family,204,63,0.22,Mobile,0,1,0
8201,Female,17,FR,Family,279,58,0.34,Desktop,0,1,0
8202,Other,22,AU,Free,165,57,0.37,Web,32,0,0
8203,Male,23,PK,Student,228,66,0.07,Mobile,0,1,0
8204,Male,53,CA,Family,214,49,0.05,Mobile,0,1,0
8205,Male,52,AU,Family,145,50,0.22,Desktop,0,1,0
8206,Other,53,UK,Family,226,76,0.21,Mobile,0,1,0
8207,Male,50,FR,Free,172,67,0.32,Web,22,0,0
8208,Male,34,IN,Family,287,64,0.12,Web,0,1,0
8209,Other,33,PK,Family,236,87,0.34,Mobile,0,1,0
8210,Female,32,DE,Family,133,10,0.04,Mobile,0,1,0
8211,Female,41,CA,Family,12,17,0.3,Desktop,0,1,0
8212,Male,24,CA,Free,192,66,0.3,Mobile,21,0,0
8213,Male,26,UK,Free,124,13,0.12,Mobile,14,1,0
8214,Other,47,AU,Family,143,42,0.07,Web,0,1,1
8215,Female,38,US,Premium,199,46,0.06,Web,0,1,1
8216,Male,28,US,Family,342,120,0.14,Web,0,0,0
8217,Male,32,US,Free,229,101,0.44,Desktop,41,0,1
8218,Male,43,CA,Family,87,29,0.1,Web,0,0,1
8219,Other,56,IN,Family,192,63,0.11,Web,0,1,0
8220,Male,23,PK,Family,234,92,0.34,Web,0,1,0
8221,Other,32,PK,Free,270,78,0.06,Desktop,45,0,0
8222,Female,29,US,Student,220,84,0.18,Mobile,0,0,0
8223,Other,21,FR,Free,170,40,0.29,Mobile,27,0,0
8224,Other,52,CA,Premium,140,11,0.03,Desktop,0,1,0
8225,Other,57,UK,Family,164,59,0.18,Desktop,0,1,0
8226,Male,39,FR,Free,72,13,0.15,Web,7,0,1
8227,Male,16,FR,Student,236,74,0.47,Mobile,0,1,0
8228,Female,58,PK,Free,134,41,0.26,Mobile,5,1,0
8229,Male,52,PK,Family,184,59,0.25,Desktop,0,0,0
8230,Male,43,UK,Family,126,31,0.22,Mobile,0,1,0
8231,Other,30,US,Free,98,35,0.13,Web,5,1,0
8232,Other,28,US,Premium,9,30,0.12,Mobile,0,1,0
8233,Other,22,PK,Free,7,13,0.15,Desktop,5,0,1
8234,Other,21,UK,Student,341,75,0.07,Mobile,0,0,0
8235,Other,17,PK,Student,68,5,0.18,Desktop,0,0,0
8236,Male,59,AU,Family,192,33,0.17,Desktop,0,0,0
8237,Male,32,US,Free,119,54,0.51,Web,16,0,1
8238,Male,25,CA,Family,67,22,0.08,Desktop,0,0,1
8239,Male,49,UK,Free,213,58,0.21,Mobile,37,0,0
8240,Male,41,PK,Free,148,36,0.23,Web,20,0,1
8241,Female,58,US,Family,228,70,0.2,Mobile,0,1,0
8242,Female,34,DE,Student,62,16,0.26,Web,0,1,0
8243,Other,28,CA,Student,19,1,0.36,Mobile,0,0,0
8244,Female,35,IN,Student,119,30,0.13,Desktop,0,0,0
8245,Female,17,UK,Premium,308,95,0.1,Desktop,0,1,0
8246,Other,16,IN,Student,183,48,0.17,Web,0,0,0
8247,Other,25,AU,Family,284,66,0.2,Mobile,0,0,0
8248,Female,27,PK,Free,116,41,0.24,Mobile,26,0,0
8249,Female,30,AU,Student,155,43,0.2,Mobile,0,0,0
8250,Other,40,PK,Student,89,16,0.19,Desktop,0,0,0
8251,Female,47,IN,Free,75,26,0.28,Web,5,1,0
8252,Other,35,CA,Family,113,57,0.12,Desktop,0,1,0
8253,Other,26,DE,Free,25,1,0.22,Mobile,5,0,1
8254,Other,20,CA,Student,134,60,0.21,Desktop,0,0,0
8255,Male,23,AU,Student,75,8,0.25,Desktop,0,1,1
8256,Other,49,CA,Premium,112,40,0.09,Desktop,0,0,0
8257,Other,27,CA,Family,194,60,0.11,Desktop,0,0,0
8258,Female,56,IN,Family,250,67,0.24,Mobile,0,0,0
8259,Other,53,UK,Student,82,1,0.12,Desktop,0,0,1
8260,Other,48,US,Family,282,98,0.14,Desktop,0,1,0
8261,Other,47,FR,Free,230,71,0.16,Mobile,29,0,0
8262,Female,41,DE,Free,54,1,0.11,Desktop,19,1,0
8263,Male,27,FR,Student,188,34,0.16,Desktop,0,0,0
8264,Other,59,CA,Family,171,25,0.05,Desktop,0,1,0
8265,Male,24,UK,Free,151,69,0.18,Mobile,18,1,0
8266,Female,34,CA,Premium,92,16,0.11,Web,0,0,1
8267,Male,53,UK,Free,15,1,0.87,Desktop,5,0,1
8268,Female,55,PK,Family,284,95,0.07,Desktop,0,0,0
8269,Female,27,IN,Premium,249,81,0.2,Desktop,0,0,0
8270,Male,34,UK,Family,112,54,0.07,Mobile,0,1,0
8271,Other,23,AU,Student,140,26,0.35,Desktop,0,0,1
8272,Female,54,IN,Family,129,49,0.2,Mobile,0,1,0
8273,Male,38,AU,Premium,317,96,0.15,Desktop,0,1,0
8274,Female,39,DE,Family,90,26,0.39,Desktop,0,1,0
8275,Male,31,AU,Family,320,75,0.21,Desktop,0,1,0
8276,Female,19,IN,Student,90,8,0.2,Mobile,0,1,0
8277,Male,56,PK,Family,140,21,0.34,Mobile,0,1,0
8278,Female,20,IN,Student,154,53,0.07,Mobile,0,0,0
8279,Male,31,PK,Family,201,64,0.12,Desktop,0,1,0
8280,Other,57,US,Premium,140,48,0.18,Web,0,1,1
8281,Male,18,CA,Family,259,58,0.2,Mobile,0,1,0
8282,Other,55,IN,Student,70,15,0.07,Desktop,0,0,0
8283,Other,50,AU,Premium,149,32,0.05,Web,0,0,1
8284,Other,28,US,Free,132,41,0.43,Web,14,0,0
8285,Female,40,PK,Student,149,32,0.16,Desktop,0,0,1
8286,Female,52,PK,Family,229,41,0.15,Web,0,1,0
8287,Male,33,CA,Premium,243,71,0.19,Desktop,0,0,0
8288,Male,49,UK,Free,5,15,0.13,Web,5,0,1
8289,Other,21,PK,Family,69,23,0.25,Mobile,0,1,0
8290,Male,33,IN,Family,238,78,0.07,Mobile,0,1,0
8291,Male,16,CA,Student,96,1,0.16,Web,0,0,0
8292,Other,29,FR,Premium,114,43,0.17,Desktop,0,1,0
8293,Male,48,IN,Family,229,75,0.11,Mobile,0,1,0
8294,Other,18,IN,Student,217,73,0.3,Desktop,0,0,0
8295,Male,48,UK,Family,180,64,0.2,Desktop,0,1,0
8296,Female,40,IN,Premium,211,73,0.07,Mobile,0,1,0
8297,Other,19,US,Free,57,29,0.23,Desktop,5,0,1
8298,Male,35,PK,Student,19,11,0.09,Web,0,0,1
8299,Other,34,US,Premium,170,63,0.38,Desktop,0,0,0
8300,Male,31,PK,Premium,253,58,0.24,Web,0,1,0
8301,Other,41,CA,Family,186,89,0.24,Web,0,1,0
8302,Male,32,FR,Free,317,94,0.24,Web,56,0,0
8303,Male,33,AU,Family,93,19,0.07,Desktop,0,0,0
8304,Other,20,IN,Student,172,24,0.19,Mobile,0,1,0
8305,Male,49,US,Family,164,69,0.3,Mobile,0,1,1
8306,Other,21,PK,Student,116,12,0.27,Desktop,0,0,0
8307,Other,36,FR,Student,160,60,0.09,Desktop,0,0,0
8308,Female,54,PK,Premium,205,72,0.15,Web,0,1,0
8309,Other,22,PK,Student,190,72,0.32,Mobile,0,1,0
8310,Other,17,UK,Student,265,86,0.22,Desktop,0,0,0
8311,Male,20,UK,Student,94,38,0.32,Mobile,0,0,0
8312,Male,55,FR,Family,47,17,0.34,Desktop,0,0,1
8313,Male,36,FR,Premium,25,3,0.09,Mobile,0,1,0
8314,Other,43,US,Student,7,1,0.38,Web,0,0,1
8315,Other,53,IN,Family,78,41,0.16,Desktop,0,1,0
8316,Female,56,IN,Family,187,52,0.08,Web,0,0,1
8317,Female,53,IN,Premium,62,14,0.2,Web,0,0,0
8318,Other,30,CA,Premium,203,49,0.14,Desktop,0,1,0
8319,Other,52,DE,Premium,164,44,0.18,Desktop,0,1,0
8320,Female,25,PK,Premium,285,112,0.16,Mobile,0,1,0
8321,Male,46,AU,Family,243,70,0.46,Desktop,0,1,0
8322,Other,38,AU,Premium,145,18,0.24,Mobile,0,1,0
8323,Male,59,DE,Family,123,24,0.07,Desktop,0,1,0
8324,Other,42,IN,Student,173,58,0.17,Web,0,1,0
8325,Male,45,PK,Family,294,109,0.09,Mobile,0,1,0
8326,Male,54,AU,Family,128,51,0.18,Web,0,1,0
8327,Female,24,FR,Free,132,52,0.35,Desktop,13,1,0
8328,Male,22,US,Free,269,81,0.23,Web,39,1,0
8329,Other,49,AU,Student,5,4,0.23,Web,0,0,1
8330,Other,21,CA,Student,98,33,0.23,Web,0,0,0
8331,Other,19,FR,Family,224,69,0.29,Desktop,0,1,0
8332,Male,27,PK,Family,101,32,0.27,Web,0,1,0
8333,Female,22,DE,Student,86,25,0.07,Desktop,0,0,1
8334,Other,26,FR,Student,52,24,0.19,Mobile,0,0,0
8335,Male,53,FR,Family,203,66,0.3,Desktop,0,0,0
8336,Female,42,FR,Family,323,86,0.03,Mobile,0,1,0
8337,Female,54,AU,Premium,205,54,0.06,Web,0,1,0
8338,Other,35,CA,Free,170,69,0.19,Mobile,23,0,0
8339,Male,18,UK,Student,74,38,0.39,Web,0,0,0
8340,Other,58,DE,Family,89,29,0.27,Web,0,1,1
8341,Other,23,UK,Student,299,101,0.15,Desktop,0,0,0
8342,Female,53,IN,Family,23,16,0.19,Mobile,0,1,0
8343,Male,24,DE,Student,56,1,0.34,Mobile,0,0,0
8344,Other,35,US,Free,193,48,0.93,Desktop,34,0,0
8345,Female,49,CA,Family,112,8,0.14,Desktop,0,0,1
8346,Female,50,PK,Family,75,7,0.12,Desktop,0,1,1
8347,Male,31,US,Premium,155,52,0.82,Mobile,0,1,1
8348,Male,35,UK,Free,65,42,0.26,Web,5,0,1
8349,Other,24,US,Student,178,64,0.34,Mobile,0,1,0
8350,Male,29,CA,Premium,162,55,0.36,Desktop,0,0,1
8351,Other,24,UK,Student,224,58,0.21,Mobile,0,1,0
8352,Other,24,UK,Student,218,67,0.12,Mobile,0,0,0
8353,Male,21,FR,Student,137,60,0.26,Web,0,0,1
8354,Male,59,FR,Premium,209,45,0.2,Desktop,0,0,0
8355,Female,34,PK,Free,86,32,0.17,Web,27,0,1
8356,Female,48,CA,Student,277,39,0.85,Mobile,0,0,0
8357,Male,44,UK,Family,139,52,0.42,Desktop,0,0,1
8358,Male,17,US,Family,151,26,0.24,Web,0,0,0
8359,Female,33,AU,Free,50,28,0.43,Desktop,5,1,0
8360,Other,17,PK,Free,123,33,0.2,Web,23,0,0
8361,Female,59,AU,Free,189,65,0.17,Desktop,28,0,0
8362,Female,46,US,Premium,196,107,0.24,Desktop,0,0,0
8363,Female,40,UK,Family,181,74,0.33,Mobile,0,1,0
8364,Male,18,AU,Family,128,44,0.11,Desktop,0,1,1
8365,Male,59,US,Free,89,31,0.42,Mobile,5,0,0
8366,Female,48,US,Free,129,75,0.26,Desktop,14,0,0
8367,Other,32,CA,Free,5,1,0.2,Web,5,0,1
8368,Female,58,AU,Premium,43,7,0.21,Mobile,0,0,0
8369,Female,41,US,Free,5,10,0.23,Web,5,0,0
8370,Female,47,AU,Student,229,50,0.12,Mobile,0,0,0
8371,Female,41,AU,Free,155,55,0.08,Mobile,23,0,0
8372,Other,59,AU,Free,31,19,0.88,Web,21,0,1
8373,Female,50,DE,Student,93,6,0.15,Mobile,0,0,1
8374,Female,45,US,Family,140,38,0.14,Desktop,0,1,0
8375,Other,23,UK,Student,172,25,0.19,Web,0,0,0
8376,Male,59,PK,Family,5,1,0.22,Desktop,0,1,1
8377,Other,24,PK,Student,236,72,0.14,Mobile,0,0,0
8378,Other,34,FR,Premium,244,71,0.12,Mobile,0,1,0
8379,Other,59,IN,Family,180,71,0.13,Desktop,0,1,0
8380,Male,24,PK,Student,240,53,0.18,Web,0,0,0
8381,Female,43,PK,Premium,177,68,0.16,Desktop,0,1,0
8382,Other,28,US,Free,303,81,0.21,Desktop,41,1,1
8383,Female,19,DE,Premium,68,15,0.2,Mobile,0,1,0
8384,Other,41,PK,Family,225,100,0.22,Web,0,0,0
8385,Male,47,PK,Student,254,91,0.21,Desktop,0,0,0
8386,Female,42,US,Family,300,80,0.02,Web,0,1,0
8387,Male,53,FR,Family,196,54,0.43,Web,0,1,0
8388,Female,50,UK,Family,76,11,0.25,Desktop,0,0,0
8389,Female,24,UK,Student,330,113,0.09,Desktop,0,0,0
8390,Other,22,FR,Student,57,4,0.12,Desktop,0,0,0
8391,Other,49,AU,Premium,197,44,0.29,Mobile,0,1,0
8392,Male,16,US,Student,107,41,0.17,Mobile,0,0,0
8393,Other,54,PK,Family,51,16,0.18,Web,0,1,0
8394,Male,34,IN,Premium,243,74,0.35,Web,0,1,0
8395,Other,43,FR,Premium,98,29,0.38,Mobile,0,1,0
8396,Male,44,AU,Family,193,38,0.38,Mobile,0,1,1
8397,Male,51,US,Free,73,1,0.2,Web,9,0,1
8398,Other,45,CA,Family,277,98,0.22,Mobile,0,1,0
8399,Other,58,IN,Family,329,113,0.27,Web,0,0,0
8400,Other,27,FR,Student,82,8,0.08,Desktop,0,0,1
8401,Female,53,IN,Family,199,72,0.13,Desktop,0,1,0
8402,Male,49,CA,Family,201,35,0.32,Mobile,0,1,0
8403,Male,48,PK,Family,191,62,0.2,Mobile,0,0,1
8404,Other,54,UK,Family,350,115,0.04,Desktop,0,0,0
8405,Female,54,IN,Premium,209,63,0.21,Mobile,0,1,0
8406,Female,22,PK,Student,81,52,0.1,Web,0,0,0
8407,Other,39,PK,Free,345,119,0.3,Desktop,46,1,1
8408,Female,56,FR,Family,112,26,0.32,Web,0,0,1
8409,Male,43,AU,Student,239,58,0.34,Mobile,0,0,0
8410,Other,48,UK,Family,193,47,0.18,Desktop,0,1,0
8411,Other,32,IN,Family,74,26,0.23,Web,0,1,0
8412,Female,37,IN,Family,107,43,0.1,Web,0,1,0
8413,Other,20,UK,Premium,226,43,0.22,Mobile,0,1,0
8414,Female,19,UK,Premium,118,38,0.04,Desktop,0,1,0
8415,Other,40,UK,Family,291,79,0.09,Mobile,0,1,1
8416,Male,25,IN,Student,329,95,0.21,Web,0,1,0
8417,Female,40,IN,Student,221,77,0.31,Web,0,1,0
8418,Female,26,AU,Premium,85,52,0.28,Web,0,0,0
8419,Male,28,IN,Premium,177,62,0.12,Mobile,0,1,1
8420,Female,32,PK,Free,125,62,0.51,Mobile,5,0,0
8421,Male,38,FR,Family,225,69,0.15,Web,0,1,0
8422,Other,37,AU,Student,222,59,0.33,Desktop,0,0,0
8423,Female,25,US,Family,253,51,0.11,Mobile,0,1,0
8424,Male,56,IN,Family,17,24,0.11,Web,0,0,1
8425,Male,56,UK,Premium,271,90,0.04,Desktop,0,1,0
8426,Other,56,CA,Premium,143,75,0.06,Mobile,0,1,0
8427,Male,23,UK,Free,347,104,0.07,Web,60,0,0
8428,Female,17,AU,Free,139,44,0.2,Desktop,10,0,0
8429,Other,25,FR,Premium,289,83,0.11,Mobile,0,1,0
8430,Male,55,AU,Family,131,38,0.11,Desktop,0,0,1
8431,Other,24,IN,Student,175,41,0.21,Mobile,0,0,0
8432,Male,46,DE,Family,231,40,0.19,Mobile,0,1,0
8433,Other,21,FR,Premium,289,107,0.08,Mobile,0,1,0
8434,Female,44,AU,Free,138,78,0.18,Web,5,0,1
8435,Other,23,FR,Student,79,24,0.18,Desktop,0,0,1
8436,Male,55,FR,Free,164,51,0.27,Desktop,23,0,1
8437,Female,46,AU,Premium,178,72,0.16,Desktop,0,0,0
8438,Male,19,DE,Premium,107,10,0.17,Web,0,1,0
8439,Male,42,UK,Premium,255,64,0.24,Desktop,0,0,0
8440,Female,27,DE,Family,247,90,0.43,Desktop,0,1,0
8441,Female,27,AU,Family,268,80,0.19,Web,0,0,0
8442,Other,37,AU,Student,145,34,0.12,Desktop,0,0,0
8443,Female,25,PK,Free,29,18,0.27,Mobile,19,0,1
8444,Other,42,DE,Family,97,37,0.08,Mobile,0,1,0
8445,Male,24,DE,Premium,47,16,0.15,Mobile,0,1,0
8446,Female,37,UK,Family,11,1,0.32,Desktop,0,1,1
8447,Other,24,UK,Student,350,107,0.03,Mobile,0,0,0
8448,Male,33,CA,Premium,197,52,0.06,Mobile,0,1,0
8449,Female,38,UK,Free,172,56,0.14,Mobile,29,1,0
8450,Male,41,US,Premium,223,65,0.19,Desktop,0,1,0
8451,Other,53,IN,Family,250,37,0.23,Web,0,1,0
8452,Female,48,UK,Premium,254,72,0.05,Web,0,0,0
8453,Female,19,UK,Family,185,38,0.36,Mobile,0,0,0
8454,Female,46,AU,Student,180,67,0.37,Web,0,0,0
8455,Other,37,CA,Family,241,78,0.2,Desktop,0,0,0
8456,Male,19,FR,Student,195,59,0.26,Mobile,0,0,1
8457,Female,22,US,Student,316,109,0.08,Desktop,0,0,0
8458,Other,58,PK,Student,199,77,0.38,Web,0,0,0
8459,Male,31,UK,Family,128,18,0.19,Web,0,0,0
8460,Other,31,IN,Premium,141,20,0.09,Mobile,0,0,0
8461,Male,50,US,Premium,121,40,0.17,Desktop,0,1,0
8462,Male,25,US,Family,80,15,0.1,Mobile,0,1,0
8463,Female,23,CA,Student,99,36,0.22,Mobile,0,1,0
8464,Other,52,IN,Family,226,68,0.15,Mobile,0,1,0
8465,Female,33,CA,Free,185,80,0.14,Desktop,34,1,1
8466,Female,55,AU,Family,94,17,0.06,Desktop,0,1,0
8467,Male,34,US,Free,149,55,0.34,Web,23,1,0
8468,Other,34,AU,Student,93,33,0.14,Mobile,0,0,0
8469,Other,53,US,Student,20,37,0.17,Desktop,0,0,1
8470,Other,44,PK,Family,270,91,0.12,Mobile,0,1,0
8471,Other,28,DE,Student,212,65,0.09,Desktop,0,0,0
8472,Female,46,AU,Free,99,7,0.06,Desktop,10,0,0
8473,Female,22,UK,Student,176,22,0.09,Web,0,0,0
8474,Other,32,FR,Family,152,44,0.08,Desktop,0,1,0
8475,Other,30,AU,Premium,207,40,0.25,Desktop,0,1,0
8476,Male,23,PK,Free,226,98,0.34,Web,34,0,0
8477,Male,50,PK,Premium,267,84,0.17,Web,0,1,0
8478,Female,48,CA,Family,163,45,0.18,Web,0,1,0
8479,Female,58,DE,Premium,137,48,0.16,Desktop,0,1,0
8480,Female,31,PK,Premium,109,27,0.2,Desktop,0,1,1
8481,Other,31,UK,Family,229,57,0.24,Web,0,1,1
8482,Other,24,DE,Free,258,86,0.29,Mobile,31,0,0
8483,Female,56,UK,Premium,207,66,0.29,Mobile,0,1,1
8484,Other,19,US,Student,238,106,0.14,Mobile,0,0,0
8485,Female,52,AU,Free,222,47,0.33,Desktop,33,0,0
8486,Other,41,IN,Free,121,10,0.17,Web,13,0,0
8487,Male,54,IN,Free,245,83,0.24,Desktop,33,0,0
8488,Female,30,UK,Premium,122,30,0.27,Desktop,0,1,0
8489,Other,31,AU,Student,232,70,0.26,Web,0,0,1
8490,Other,22,UK,Free,139,65,0.14,Desktop,6,0,1
8491,Female,40,IN,Free,162,59,0.19,Mobile,26,0,0
8492,Female,25,PK,Free,30,31,0.2,Web,5,0,1
8493,Female,31,CA,Family,208,27,0.15,Mobile,0,1,0
8494,Female,21,US,Student,133,28,0.15,Web,0,0,0
8495,Male,31,PK,Student,218,75,0.26,Mobile,0,0,0
8496,Male,31,DE,Family,230,73,0.12,Web,0,1,0
8497,Male,40,UK,Family,28,14,0.2,Web,0,1,0
8498,Other,39,UK,Premium,210,74,0.15,Desktop,0,1,0
8499,Male,46,CA,Student,11,26,0.23,Mobile,0,0,1
8500,Male,39,US,Free,350,115,0.13,Web,49,0,0
8501,Other,17,UK,Student,301,100,0.11,Web,0,0,0
8502,Female,40,CA,Family,130,23,0.09,Mobile,0,0,1
8503,Male,20,FR,Student,94,20,0.7,Desktop,0,0,1
8504,Other,23,IN,Free,136,59,0.15,Desktop,32,0,0
8505,Other,22,FR,Free,216,35,0.45,Desktop,18,0,0
8506,Male,45,IN,Premium,123,39,0.23,Web,0,0,0
8507,Female,57,IN,Student,164,24,0.23,Desktop,0,1,0
8508,Female,31,US,Free,8,1,0.41,Desktop,8,1,0
8509,Male,43,US,Family,260,61,0.08,Desktop,0,0,0
8510,Male,39,US,Free,207,94,0.33,Web,25,1,1
8511,Male,35,DE,Family,189,86,0.23,Web,0,1,1
8512,Male,23,DE,Student,167,51,0.12,Web,0,1,0
8513,Female,46,FR,Family,145,47,0.13,Desktop,0,1,0
8514,Male,30,DE,Free,191,73,0.43,Desktop,17,0,1
8515,Male,29,AU,Family,42,9,0.34,Web,0,0,1
8516,Other,44,DE,Family,243,43,0.21,Mobile,0,1,0
8517,Male,57,AU,Family,79,1,0.18,Desktop,0,1,0
8518,Other,46,US,Family,208,33,0.93,Mobile,0,1,0
8519,Female,41,DE,Family,282,109,0.06,Web,0,0,0
8520,Male,23,FR,Student,185,73,0.31,Mobile,0,0,0
8521,Male,48,FR,Premium,229,102,0.13,Mobile,0,1,0
8522,Female,22,US,Student,258,84,0.03,Mobile,0,0,0
8523,Female,23,FR,Student,5,1,0.1,Web,0,0,1
8524,Male,28,CA,Free,102,4,0.39,Desktop,10,0,1
8525,Female,32,UK,Family,350,90,0.07,Desktop,0,0,0
8526,Male,55,DE,Family,241,69,0.33,Mobile,0,1,0
8527,Female,27,AU,Student,111,15,0.29,Desktop,0,0,0
8528,Male,23,DE,Student,109,31,0.09,Desktop,0,0,0
8529,Male,29,AU,Family,115,17,0.16,Web,0,1,0
8530,Other,28,DE,Premium,119,22,0.25,Mobile,0,1,0
8531,Male,41,DE,Student,300,89,0.16,Desktop,0,0,0
8532,Male,33,US,Free,5,1,0.37,Web,5,0,1
8533,Male,59,US,Premium,114,10,0.22,Mobile,0,1,0
8534,Female,27,PK,Student,193,57,0.09,Desktop,0,1,0
8535,Other,33,FR,Premium,196,51,0.26,Mobile,0,1,0
8536,Female,41,PK,Family,166,46,0.05,Web,0,0,0
8537,Male,57,IN,Premium,241,71,0.13,Mobile,0,1,0
8538,Other,46,PK,Family,240,60,0.16,Mobile,0,1,0
8539,Female,23,AU,Student,141,37,0.12,Web,0,0,0
8540,Male,52,US,Family,5,1,0.18,Mobile,0,1,0
8541,Female,49,AU,Premium,111,44,0.84,Desktop,0,1,1
8542,Female,20,PK,Student,204,57,0.14,Web,0,1,0
8543,Female,16,FR,Free,286,98,0.23,Desktop,52,1,0
8544,Female,59,PK,Family,125,20,0.2,Desktop,0,1,0
8545,Male,35,US,Premium,240,61,0.18,Desktop,0,1,0
8546,Male,43,IN,Student,149,37,0.27,Mobile,0,0,0
8547,Other,27,UK,Family,52,1,0.02,Mobile,0,0,1
8548,Male,29,PK,Student,15,1,0.16,Web,0,0,1
8549,Male,24,IN,Family,271,101,0.07,Web,0,1,0
8550,Other,20,US,Student,234,59,0.17,Web,0,1,0
8551,Female,21,AU,Student,311,88,0.01,Mobile,0,0,0
8552,Female,23,IN,Family,217,61,0.17,Web,0,1,0
8553,Female,25,FR,Student,41,3,0.16,Web,0,0,1
8554,Female,52,DE,Family,233,77,0.37,Web,0,1,0
8555,Other,29,PK,Free,192,26,0.34,Desktop,15,0,0
8556,Female,30,CA,Family,140,35,0.21,Mobile,0,1,0
8557,Female,25,AU,Premium,190,76,0.2,Mobile,0,1,0
8558,Female,20,UK,Family,20,19,0.32,Mobile,0,1,1
8559,Other,18,UK,Family,153,42,0.1,Mobile,0,1,0
8560,Male,29,US,Family,262,74,0.19,Desktop,0,1,0
8561,Female,25,IN,Free,248,82,0.22,Web,28,1,0
8562,Other,32,IN,Family,268,81,0.14,Web,0,0,0
8563,Female,31,IN,Student,162,43,0.19,Desktop,0,0,0
8564,Female,19,PK,Premium,194,70,0.12,Web,0,1,0
8565,Other,22,UK,Premium,156,69,0.1,Web,0,1,0
8566,Female,40,US,Family,212,69,0.29,Mobile,0,1,0
8567,Other,57,CA,Free,186,63,0.08,Desktop,27,0,0
8568,Other,51,IN,Free,270,96,0.2,Mobile,26,0,0
8569,Other,37,IN,Free,103,30,0.47,Mobile,17,1,0
8570,Male,35,US,Free,7,20,0.28,Mobile,5,1,0
8571,Female,35,UK,Premium,274,63,0.25,Web,0,1,0
8572,Other,38,FR,Premium,112,51,0.42,Mobile,0,1,0
8573,Other,32,US,Premium,275,81,0.02,Web,0,1,0
8574,Other,31,IN,Family,232,46,0.17,Mobile,0,1,0
8575,Male,20,DE,Free,5,1,0.4,Desktop,5,1,1
8576,Male,52,AU,Family,5,1,0.22,Desktop,0,1,0
8577,Other,41,AU,Family,303,84,0.1,Web,0,1,0
8578,Male,22,IN,Student,138,21,0.03,Mobile,0,0,0
8579,Female,35,FR,Premium,139,45,0.21,Web,0,0,0
8580,Male,16,CA,Free,222,54,0.46,Mobile,25,0,0
8581,Female,19,FR,Family,225,54,0.31,Desktop,0,0,1
8582,Male,54,UK,Family,204,60,0.07,Desktop,0,1,0
8583,Other,52,CA,Student,69,36,0.31,Web,0,0,1
8584,Female,17,AU,Premium,204,31,0.15,Mobile,0,0,0
8585,Other,21,DE,Student,84,28,0.45,Web,0,0,0
8586,Female,51,PK,Free,5,1,0.08,Desktop,5,0,0
8587,Male,55,AU,Student,99,40,0.17,Desktop,0,0,0
8588,Male,24,US,Premium,146,33,0.08,Mobile,0,1,1
8589,Other,39,PK,Family,226,64,0.78,Mobile,0,1,1
8590,Male,59,IN,Student,276,79,0.11,Mobile,0,1,0
8591,Male,24,CA,Free,135,49,0.18,Web,29,0,0
8592,Female,54,AU,Premium,290,74,0.21,Desktop,0,1,0
8593,Female,17,PK,Premium,194,67,0.18,Desktop,0,0,0
8594,Other,58,US,Family,229,93,0.13,Web,0,1,0
8595,Other,33,UK,Student,81,50,0.14,Web,0,0,0
8596,Other,27,AU,Premium,264,52,0.14,Web,0,1,0
8597,Female,21,DE,Family,316,109,0.07,Desktop,0,1,0
8598,Female,26,US,Student,179,72,0.32,Desktop,0,0,1
8599,Male,33,CA,Student,183,46,0.2,Web,0,0,0
8600,Male,31,FR,Free,55,49,0.25,Mobile,10,0,0
8601,Male,43,UK,Family,243,69,0.2,Web,0,0,0
8602,Other,44,PK,Family,145,25,0.09,Desktop,0,1,0
8603,Female,25,DE,Family,5,11,0.21,Web,0,1,1
8604,Other,30,IN,Student,280,61,0.04,Web,0,0,0
8605,Male,54,US,Student,79,20,0.33,Web,0,0,0
8606,Other,34,IN,Premium,151,56,0.32,Web,0,1,0
8607,Female,42,PK,Family,20,1,0.19,Desktop,0,0,1
8608,Male,35,FR,Family,170,42,0.39,Desktop,0,0,0
8609,Female,35,PK,Free,134,66,0.18,Desktop,26,0,0
8610,Other,34,DE,Family,105,21,0.19,Desktop,0,1,0
8611,Female,32,PK,Free,227,62,0.53,Mobile,34,0,0
8612,Other,37,IN,Premium,202,59,0.76,Desktop,0,0,0
8613,Male,28,FR,Premium,195,67,0.07,Web,0,1,0
8614,Other,59,DE,Student,93,23,0.34,Web,0,0,1
8615,Male,32,US,Family,98,1,0.15,Desktop,0,1,0
8616,Male,24,DE,Student,79,52,0.11,Mobile,0,0,0
8617,Other,51,PK,Free,308,106,0.22,Mobile,33,0,0
8618,Male,26,PK,Free,159,48,0.36,Mobile,27,1,0
8619,Other,44,DE,Family,25,1,0.25,Desktop,0,0,1
8620,Female,16,US,Student,19,1,0.87,Desktop,0,0,1
8621,Female,24,UK,Student,118,21,0.09,Web,0,0,1
8622,Female,45,AU,Student,175,53,0.09,Web,0,0,0
8623,Female,48,US,Student,195,61,0.29,Mobile,0,0,1
8624,Male,30,PK,Family,243,76,0.22,Mobile,0,1,0
8625,Other,39,UK,Student,305,81,0.16,Mobile,0,0,0
8626,Male,59,IN,Family,32,32,0.09,Web,0,1,1
8627,Female,19,US,Student,146,31,0.2,Mobile,0,0,0
8628,Female,30,AU,Family,254,96,0.11,Desktop,0,0,0
8629,Male,36,DE,Family,240,81,0.36,Web,0,1,0
8630,Male,49,CA,Free,283,90,0.19,Mobile,34,0,0
8631,Female,42,FR,Free,233,59,0.38,Desktop,36,0,0
8632,Female,39,CA,Premium,132,48,0.18,Desktop,0,1,0
8633,Other,38,CA,Family,95,17,0.06,Web,0,0,1
8634,Female,55,US,Free,350,112,0.19,Mobile,51,0,0
8635,Other,22,DE,Premium,190,77,0.27,Mobile,0,1,0
8636,Other,19,CA,Student,221,80,0.13,Desktop,0,0,0
8637,Male,20,PK,Student,171,60,0.2,Web,0,1,0
8638,Other,33,AU,Premium,186,63,0.2,Web,0,1,0
8639,Female,34,FR,Free,123,26,0.29,Desktop,18,0,0
8640,Female,28,PK,Premium,229,48,0.2,Mobile,0,1,0
8641,Female,23,US,Free,5,1,0.08,Desktop,5,0,1
8642,Male,45,AU,Student,60,1,0.24,Mobile,0,0,1
8643,Other,52,CA,Family,152,45,0.15,Desktop,0,1,0
8644,Female,30,DE,Premium,212,76,0.22,Web,0,1,0
8645,Male,37,US,Premium,66,1,0.14,Desktop,0,1,0
8646,Other,25,US,Family,288,90,0.12,Desktop,0,0,0
8647,Male,22,FR,Student,125,62,0.13,Web,0,1,0
8648,Male,54,DE,Family,110,53,0.1,Web,0,1,0
8649,Female,55,UK,Student,222,49,0.28,Mobile,0,0,0
8650,Female,24,PK,Family,79,15,0.07,Web,0,1,0
8651,Female,34,FR,Family,145,43,0.17,Web,0,1,0
8652,Male,32,FR,Free,56,27,0.24,Desktop,23,0,1
8653,Male,21,IN,Premium,161,48,0.18,Web,0,1,0
8654,Female,24,DE,Premium,247,56,0.2,Web,0,0,0
8655,Female,46,AU,Free,255,59,0.13,Mobile,41,0,1
8656,Female,35,UK,Family,8,3,0.17,Desktop,0,1,0
8657,Male,55,US,Family,258,95,0.07,Desktop,0,1,0
8658,Other,51,IN,Student,187,44,0.12,Desktop,0,0,0
8659,Other,22,AU,Student,133,57,0.23,Web,0,0,0
8660,Female,48,UK,Family,234,77,0.04,Mobile,0,1,0
8661,Female,19,FR,Premium,161,29,0.15,Mobile,0,1,0
8662,Female,17,FR,Student,87,23,0.11,Mobile,0,0,0
8663,Other,17,DE,Student,168,49,0.27,Web,0,0,1
8664,Male,34,AU,Family,258,72,0.25,Mobile,0,1,0
8665,Male,43,UK,Free,110,43,0.4,Desktop,21,1,0
8666,Male,21,DE,Student,182,62,0.19,Web,0,0,0
8667,Male,26,IN,Free,143,50,0.16,Web,20,0,1
8668,Other,38,IN,Student,88,25,0.08,Mobile,0,1,0
8669,Female,59,AU,Free,92,22,0.09,Web,19,0,0
8670,Male,25,FR,Student,225,81,0.24,Web,0,1,0
8671,Female,42,US,Premium,294,88,0.12,Web,0,1,0
8672,Other,34,AU,Family,81,21,0.71,Web,0,0,1
8673,Male,46,FR,Premium,327,115,0.19,Desktop,0,0,0
8674,Male,36,IN,Family,148,64,0.5,Desktop,0,0,0
8675,Female,36,UK,Premium,197,43,0.25,Desktop,0,1,0
8676,Male,30,DE,Free,173,65,0.48,Web,25,1,0
8677,Female,16,PK,Free,5,20,0.21,Desktop,5,0,1
8678,Female,37,IN,Family,256,62,0.18,Desktop,0,1,0
8679,Female,37,UK,Family,240,70,0.12,Web,0,1,0
8680,Female,55,FR,Premium,268,77,0.17,Mobile,0,1,0
8681,Male,18,CA,Premium,189,42,0.14,Desktop,0,1,0
8682,Female,21,FR,Student,62,23,0.14,Web,0,0,0
8683,Female,30,AU,Family,150,43,0.2,Desktop,0,1,0
8684,Female,50,IN,Family,105,20,0.1,Mobile,0,1,1
8685,Female,22,US,Student,343,109,0.09,Desktop,0,0,0
8686,Female,30,IN,Premium,110,11,0.24,Web,0,0,1
8687,Other,44,AU,Student,187,60,0.25,Mobile,0,0,0
8688,Other,45,US,Free,19,1,0.27,Web,5,0,0
8689,Female,30,CA,Student,218,55,0.14,Desktop,0,0,0
8690,Other,33,FR,Student,111,32,0.18,Mobile,0,0,0
8691,Male,30,UK,Student,67,22,0.13,Mobile,0,0,0
8692,Female,41,AU,Free,162,39,0.08,Web,38,1,0
8693,Female,19,DE,Premium,144,63,0.14,Mobile,0,1,0
8694,Male,18,US,Premium,179,60,0.09,Web,0,1,0
8695,Other,54,AU,Family,167,33,0.29,Desktop,0,0,0
8696,Male,32,IN,Family,251,51,0.07,Desktop,0,1,0
8697,Other,44,IN,Family,177,52,0.26,Web,0,0,0
8698,Male,48,UK,Family,249,79,0.18,Desktop,0,0,0
8699,Male,46,UK,Student,198,36,0.24,Desktop,0,0,0
8700,Other,41,US,Free,5,1,0.22,Web,5,0,1
8701,Other,35,PK,Premium,249,90,0.05,Desktop,0,1,1
8702,Other,44,UK,Student,171,50,0.3,Mobile,0,0,0
8703,Other,37,PK,Premium,184,62,0.14,Web,0,1,0
8704,Male,45,DE,Family,158,29,0.19,Web,0,0,1
8705,Other,54,FR,Free,5,12,0.2,Web,5,0,1
8706,Female,32,US,Family,294,81,0.15,Web,0,1,0
8707,Male,17,DE,Family,227,61,0.26,Desktop,0,0,0
8708,Male,28,US,Student,43,1,0.28,Web,0,0,0
8709,Male,40,FR,Free,30,22,0.26,Web,5,0,1
8710,Female,19,UK,Student,313,72,0.09,Mobile,0,0,0
8711,Male,33,DE,Premium,101,16,0.47,Mobile,0,1,0
8712,Male,42,AU,Premium,89,28,0.15,Mobile,0,1,0
8713,Other,24,AU,Student,216,94,0.12,Mobile,0,0,0
8714,Female,41,FR,Student,126,51,0.28,Mobile,0,0,1
8715,Other,22,CA,Student,242,68,0.09,Web,0,1,0
8716,Other,59,PK,Family,126,43,0.2,Web,0,0,1
8717,Male,54,FR,Free,9,3,0.24,Desktop,5,1,1
8718,Other,30,US,Family,215,59,0.14,Mobile,0,1,0
8719,Other,40,UK,Family,173,49,0.18,Web,0,0,0
8720,Female,32,UK,Family,13,1,0.15,Desktop,0,1,1
8721,Other,36,AU,Premium,219,79,0.11,Desktop,0,0,0
8722,Male,27,DE,Student,187,61,0.28,Mobile,0,1,0
8723,Female,39,IN,Premium,311,95,0.1,Desktop,0,1,0
8724,Male,29,AU,Free,101,44,0.1,Mobile,22,0,0
8725,Female,39,US,Premium,193,73,0.18,Mobile,0,1,0
8726,Male,42,PK,Premium,174,47,0.14,Desktop,0,1,0
8727,Other,45,FR,Family,206,64,0.25,Desktop,0,0,0
8728,Other,33,PK,Free,122,31,0.2,Desktop,5,0,1
8729,Other,47,IN,Premium,263,67,0.1,Mobile,0,1,0
8730,Female,47,CA,Family,185,54,0.19,Web,0,0,0
8731,Other,48,AU,Free,171,71,0.19,Desktop,22,0,1
8732,Other,50,IN,Family,333,119,0.23,Mobile,0,1,0
8733,Other,53,FR,Family,128,18,0.73,Mobile,0,1,0
8734,Male,16,CA,Student,125,49,0.14,Mobile,0,0,0
8735,Female,48,CA,Family,109,12,0.33,Desktop,0,0,1
8736,Male,16,UK,Family,248,72,0.1,Desktop,0,1,0
8737,Female,24,AU,Student,115,56,0.1,Mobile,0,0,0
8738,Female,53,IN,Family,80,21,0.26,Mobile,0,1,0
8739,Male,34,US,Student,156,76,0.07,Desktop,0,0,0
8740,Male,41,CA,Family,217,67,0.23,Web,0,0,0
8741,Female,41,US,Family,69,16,0.29,Desktop,0,1,1
8742,Male,40,DE,Free,5,1,0.89,Desktop,5,0,1
8743,Female,45,PK,Student,156,48,0.06,Mobile,0,1,0
8744,Other,23,FR,Family,94,46,0.16,Mobile,0,0,1
8745,Female,54,AU,Family,28,1,0.07,Web,0,1,1
8746,Other,45,IN,Premium,157,58,0.19,Desktop,0,1,0
8747,Female,38,IN,Family,159,43,0.2,Web,0,1,1
8748,Other,16,IN,Student,155,48,0.25,Web,0,0,0
8749,Male,57,UK,Student,118,41,0.09,Mobile,0,1,0
8750,Female,55,CA,Free,180,50,0.29,Desktop,27,0,0
8751,Male,16,US,Student,350,107,0.18,Web,0,0,0
8752,Other,50,IN,Premium,255,88,0.1,Mobile,0,1,0
8753,Female,53,US,Premium,205,45,0.26,Desktop,0,1,0
8754,Male,52,UK,Family,166,53,0.1,Desktop,0,1,0
8755,Other,35,AU,Free,94,15,0.28,Desktop,7,0,0
8756,Other,44,IN,Premium,141,23,0.13,Web,0,1,1
8757,Male,20,UK,Student,284,88,0.22,Mobile,0,0,0
8758,Other,39,CA,Family,146,64,0.17,Mobile,0,1,0
8759,Male,33,AU,Free,38,18,0.2,Mobile,15,1,1
8760,Male,20,FR,Student,233,94,0.28,Mobile,0,0,0
8761,Female,26,DE,Student,251,64,0.19,Web,0,1,0
8762,Male,23,PK,Student,225,69,0.08,Desktop,0,0,0
8763,Female,28,CA,Free,108,35,0.19,Desktop,5,0,0
8764,Female,19,AU,Free,195,60,0.25,Desktop,29,0,0
8765,Other,59,FR,Family,194,47,0.72,Web,0,1,0
8766,Male,46,US,Family,207,78,0.33,Desktop,0,0,0
8767,Female,48,AU,Premium,331,109,0.07,Mobile,0,1,0
8768,Male,49,PK,Student,319,84,0.19,Desktop,0,0,0
8769,Female,37,PK,Family,126,64,0.28,Web,0,0,1
8770,Other,48,UK,Free,104,33,0.14,Web,5,0,0
8771,Male,59,IN,Free,140,34,0.26,Web,35,0,0
8772,Female,30,PK,Family,285,65,0.15,Mobile,0,1,1
8773,Male,50,IN,Student,142,45,0.42,Web,0,0,0
8774,Male,22,US,Free,229,61,0.3,Web,27,1,0
8775,Female,38,AU,Free,86,52,0.3,Desktop,17,0,0
8776,Female,40,US,Family,113,25,0.13,Web,0,1,1
8777,Male,51,IN,Family,133,42,0.07,Web,0,1,0
8778,Male,38,AU,Free,154,55,0.33,Desktop,16,0,1
8779,Female,16,IN,Family,135,19,0.03,Mobile,0,1,0
8780,Male,41,CA,Free,160,74,0.19,Web,44,0,0
8781,Male,31,AU,Premium,271,75,0.23,Web,0,1,0
8782,Other,18,IN,Student,273,90,0.06,Desktop,0,0,0
8783,Other,41,CA,Family,234,86,0.32,Desktop,0,1,0
8784,Male,32,US,Family,190,54,0.19,Web,0,0,0
8785,Other,59,IN,Free,154,52,0.15,Web,17,1,0
8786,Female,53,US,Family,207,45,0.2,Web,0,1,0
8787,Male,36,DE,Student,152,42,0.3,Mobile,0,1,0
8788,Other,29,CA,Family,169,54,0.27,Mobile,0,0,0
8789,Female,23,US,Student,240,78,0.22,Desktop,0,0,0
8790,Male,59,UK,Family,95,7,0.13,Mobile,0,1,0
8791,Other,23,PK,Student,187,56,0.14,Desktop,0,0,0
8792,Male,51,DE,Family,261,53,0.18,Web,0,1,0
8793,Other,46,IN,Family,167,51,0.36,Desktop,0,0,0
8794,Female,43,FR,Family,136,10,0.14,Mobile,0,1,0
8795,Other,28,US,Free,128,25,0.06,Desktop,16,1,0
8796,Male,54,AU,Free,150,29,0.92,Desktop,16,1,1
8797,Other,38,PK,Family,289,88,0.1,Mobile,0,1,0
8798,Female,28,UK,Student,167,43,0.27,Desktop,0,1,1
8799,Male,41,DE,Family,282,78,0.13,Web,0,1,0
8800,Male,53,IN,Family,319,92,0.19,Desktop,0,1,0
8801,Male,34,FR,Family,208,60,0.18,Desktop,0,1,0
8802,Other,24,CA,Student,107,26,0.12,Web,0,0,0
8803,Female,23,PK,Family,240,70,0.18,Desktop,0,1,0
8804,Other,45,AU,Family,104,15,0.25,Web,0,0,0
8805,Other,28,PK,Student,75,14,0.22,Web,0,0,0
8806,Other,19,AU,Student,220,83,0.28,Desktop,0,0,0
8807,Other,57,US,Student,144,20,0.24,Web,0,1,1
8808,Other,28,PK,Family,264,69,0.05,Web,0,1,0
8809,Female,42,CA,Family,265,90,0.1,Mobile,0,1,0
8810,Female,53,UK,Family,52,16,0.13,Desktop,0,0,1
8811,Male,57,UK,Premium,190,63,0.1,Desktop,0,1,0
8812,Female,55,IN,Family,134,33,0.28,Desktop,0,0,0
8813,Other,48,US,Free,204,57,0.35,Mobile,23,0,0
8814,Male,41,IN,Family,149,52,0.23,Desktop,0,1,0
8815,Male,21,FR,Student,256,80,0.11,Web,0,0,1
8816,Male,35,US,Premium,146,27,0.17,Web,0,1,1
8817,Female,40,IN,Family,184,70,0.1,Desktop,0,1,0
8818,Female,56,DE,Family,215,72,0.08,Mobile,0,1,0
8819,Other,54,AU,Family,137,33,0.23,Web,0,1,0
8820,Female,40,AU,Family,147,59,0.18,Web,0,0,0
8821,Female,52,US,Student,14,24,0.08,Web,0,0,1
8822,Other,59,UK,Family,267,99,0.29,Desktop,0,0,0
8823,Female,56,US,Free,166,39,0.21,Mobile,29,0,1
8824,Male,31,PK,Family,194,83,0.2,Mobile,0,1,0
8825,Female,22,IN,Student,156,65,0.32,Desktop,0,0,0
8826,Female,58,AU,Student,288,116,0.1,Desktop,0,0,0
8827,Other,19,FR,Free,122,34,0.22,Desktop,17,0,1
8828,Female,28,DE,Premium,20,1,0.17,Desktop,0,1,1
8829,Male,58,DE,Family,88,34,0.13,Desktop,0,1,0
8830,Male,23,CA,Student,159,35,0.29,Mobile,0,0,0
8831,Other,19,CA,Family,125,41,0.15,Mobile,0,1,1
8832,Male,49,CA,Family,122,56,0.3,Mobile,0,1,0
8833,Female,19,UK,Family,108,53,0.07,Web,0,1,0
8834,Other,25,IN,Premium,117,36,0.15,Desktop,0,1,0
8835,Male,23,PK,Student,149,31,0.16,Mobile,0,0,0
8836,Female,17,AU,Free,5,7,0.16,Mobile,5,1,1
8837,Female,20,UK,Free,106,12,0.25,Mobile,20,0,0
8838,Male,55,DE,Premium,17,17,0.22,Mobile,0,0,1
8839,Female,43,IN,Free,75,38,0.3,Mobile,9,0,1
8840,Other,56,AU,Free,102,57,0.41,Desktop,15,0,0
8841,Female,46,PK,Free,56,23,0.24,Desktop,7,0,0
8842,Male,40,AU,Family,133,35,0.22,Web,0,0,0
8843,Other,48,DE,Student,93,46,0.03,Mobile,0,0,0
8844,Female,21,CA,Student,257,64,0.04,Mobile,0,1,0
8845,Male,23,PK,Student,10,30,0.3,Web,0,0,0
8846,Male,18,CA,Student,228,78,0.19,Mobile,0,0,0
8847,Other,41,FR,Family,245,108,0.09,Desktop,0,1,0
8848,Male,16,FR,Student,157,42,0.28,Web,0,1,0
8849,Other,23,US,Premium,217,58,0.11,Desktop,0,1,0
8850,Other,39,CA,Family,71,24,0.19,Web,0,1,0
8851,Other,45,UK,Free,189,57,0.3,Desktop,30,0,0
8852,Male,18,AU,Student,209,44,0.3,Desktop,0,0,1
8853,Female,50,DE,Premium,97,6,0.16,Mobile,0,1,1
8854,Female,45,PK,Premium,293,65,0.07,Mobile,0,1,0
8855,Male,39,UK,Free,189,72,0.31,Web,29,0,0
8856,Male,20,PK,Family,142,54,0.19,Mobile,0,1,0
8857,Female,50,PK,Family,120,34,0.2,Mobile,0,1,0
8858,Other,27,UK,Premium,224,61,0.19,Web,0,1,0
8859,Female,34,CA,Student,77,40,0.04,Web,0,1,0
8860,Other,54,IN,Free,109,29,0.13,Web,25,0,0
8861,Male,21,AU,Student,5,2,0.31,Web,0,0,1
8862,Female,28,DE,Family,133,87,0.73,Web,0,1,0
8863,Female,30,US,Family,113,16,0.14,Web,0,1,0
8864,Male,33,PK,Premium,73,29,0.23,Desktop,0,0,1
8865,Other,34,AU,Student,203,76,0.11,Mobile,0,0,0
8866,Other,18,FR,Student,24,22,0.33,Desktop,0,0,0
8867,Male,34,PK,Family,293,82,0.12,Mobile,0,1,0
8868,Other,46,AU,Premium,317,84,0.14,Web,0,1,0
8869,Female,56,IN,Family,5,4,0.1,Desktop,0,1,1
8870,Female,32,UK,Family,22,10,0.17,Desktop,0,1,1
8871,Male,52,FR,Family,194,92,0.28,Desktop,0,1,0
8872,Female,56,UK,Free,133,42,0.28,Desktop,29,0,0
8873,Male,30,PK,Premium,196,55,0.44,Desktop,0,1,1
8874,Other,33,CA,Family,18,8,0.12,Web,0,1,1
8875,Male,49,PK,Family,133,38,0.2,Desktop,0,1,0
8876,Female,41,CA,Premium,7,5,0.28,Desktop,0,0,1
8877,Male,17,AU,Free,133,48,0.38,Desktop,18,0,0
8878,Male,48,CA,Family,265,61,0.08,Desktop,0,1,0
8879,Female,39,CA,Premium,120,27,0.03,Mobile,0,1,0
8880,Other,45,PK,Free,176,34,0.15,Web,27,0,0
8881,Male,33,UK,Premium,13,1,0.31,Mobile,0,1,1
8882,Female,23,AU,Student,131,36,0.21,Web,0,0,0
8883,Other,49,AU,Student,106,10,0.28,Desktop,0,0,0
8884,Male,55,DE,Free,190,42,0.26,Web,40,0,0
8885,Other,23,DE,Family,184,58,0.08,Desktop,0,0,1
8886,Other,41,US,Family,312,76,0.2,Desktop,0,1,0
8887,Male,31,DE,Free,276,83,0.28,Web,44,0,0
8888,Other,17,IN,Family,88,34,0.23,Mobile,0,1,0
8889,Female,20,US,Premium,138,39,0.37,Desktop,0,1,0
8890,Female,49,PK,Student,350,120,0.12,Mobile,0,0,0
8891,Male,33,US,Premium,172,54,0.03,Desktop,0,1,0
8892,Other,41,US,Premium,185,47,0.17,Mobile,0,1,0
8893,Other,22,AU,Student,158,41,0.16,Web,0,0,1
8894,Other,24,DE,Student,38,14,0.27,Desktop,0,0,1
8895,Male,48,UK,Student,106,36,0.28,Mobile,0,0,0
8896,Other,51,FR,Free,240,79,0.38,Desktop,47,0,0
8897,Male,32,PK,Free,100,21,0.51,Desktop,27,0,1
8898,Female,20,US,Free,97,9,0.27,Desktop,23,1,0
8899,Male,43,CA,Family,112,8,0.35,Mobile,0,1,1
8900,Female,59,US,Family,169,62,0.22,Mobile,0,1,0
8901,Female,53,FR,Student,114,30,0.19,Mobile,0,0,0
8902,Female,22,PK,Student,66,8,0.09,Desktop,0,0,0
8903,Other,34,PK,Family,182,49,0.23,Desktop,0,1,0
8904,Male,36,FR,Student,5,2,0.34,Web,0,0,0
8905,Female,44,PK,Free,19,8,0.12,Mobile,5,0,0
8906,Female,48,US,Family,287,96,0.2,Desktop,0,0,0
8907,Male,58,IN,Free,112,50,0.14,Mobile,17,1,0
8908,Male,33,UK,Free,227,48,0.49,Web,43,0,0
8909,Other,58,CA,Family,202,69,0.47,Mobile,0,1,0
8910,Other,51,PK,Student,98,24,0.2,Mobile,0,1,0
8911,Male,48,IN,Family,289,74,0.07,Mobile,0,1,0
8912,Male,18,UK,Student,176,50,0.35,Desktop,0,0,1
8913,Other,41,CA,Student,171,40,0.31,Mobile,0,0,1
8914,Male,36,DE,Premium,164,58,0.07,Mobile,0,0,0
8915,Female,22,DE,Student,86,21,0.29,Desktop,0,0,1
8916,Female,57,US,Premium,230,47,0.06,Web,0,1,0
8917,Female,34,UK,Premium,179,55,0.2,Desktop,0,1,0
8918,Female,56,US,Student,181,32,0.2,Desktop,0,0,0
8919,Male,23,PK,Free,91,20,0.15,Mobile,20,1,0
8920,Male,25,UK,Family,123,36,0.23,Desktop,0,1,0
8921,Other,23,UK,Family,147,41,0.25,Web,0,0,0
8922,Female,31,CA,Premium,214,73,0.18,Mobile,0,1,0
8923,Female,40,AU,Free,95,2,0.12,Mobile,15,1,0
8924,Male,36,UK,Student,91,28,0.35,Desktop,0,0,0
8925,Other,30,AU,Student,152,50,0.39,Mobile,0,0,0
8926,Female,33,UK,Premium,191,36,0.34,Desktop,0,1,0
8927,Female,51,IN,Family,18,14,0.4,Web,0,1,0
8928,Male,39,IN,Premium,184,59,0.25,Desktop,0,1,0
8929,Female,30,AU,Premium,197,59,0.34,Desktop,0,1,0
8930,Male,30,PK,Student,223,74,0.13,Web,0,0,0
8931,Male,55,PK,Family,237,61,0.07,Mobile,0,1,0
8932,Other,25,IN,Family,101,45,0.35,Mobile,0,1,0
8933,Male,51,FR,Premium,107,42,0.16,Desktop,0,1,0
8934,Other,38,DE,Family,164,50,0.05,Desktop,0,1,0
8935,Female,25,PK,Family,162,27,0.08,Desktop,0,0,0
8936,Other,16,US,Family,186,46,0.21,Web,0,1,1
8937,Female,17,PK,Student,263,62,0.22,Web,0,0,1
8938,Male,46,US,Free,114,46,0.42,Mobile,27,1,0
8939,Female,25,US,Family,67,28,0.26,Mobile,0,1,0
8940,Other,22,AU,Student,169,53,0.07,Desktop,0,0,0
8941,Other,17,PK,Student,290,84,0.17,Desktop,0,0,0
8942,Female,40,IN,Free,152,42,0.38,Desktop,42,0,0
8943,Female,52,UK,Family,135,20,0.21,Mobile,0,1,0
8944,Male,16,UK,Student,167,56,0.15,Mobile,0,0,0
8945,Other,53,US,Family,28,1,0.05,Web,0,1,0
8946,Male,34,AU,Premium,81,23,0.36,Desktop,0,1,0
8947,Male,54,US,Family,115,46,0.23,Mobile,0,1,1
8948,Female,33,US,Student,120,36,0.24,Web,0,0,0
8949,Male,40,FR,Family,228,80,0.23,Mobile,0,1,0
8950,Female,39,UK,Student,105,26,0.1,Desktop,0,1,0
8951,Male,19,PK,Premium,259,93,0.1,Mobile,0,1,1
8952,Female,25,UK,Premium,350,95,0.11,Desktop,0,0,0
8953,Male,24,AU,Student,305,72,0.2,Mobile,0,0,0
8954,Other,29,CA,Student,93,26,0.13,Web,0,0,0
8955,Male,49,UK,Student,245,63,0.26,Desktop,0,0,0
8956,Female,17,IN,Student,252,82,0.14,Mobile,0,0,0
8957,Other,33,FR,Family,193,63,0.2,Mobile,0,1,0
8958,Male,16,DE,Free,139,55,0.21,Web,21,0,0
8959,Male,28,FR,Premium,142,27,0.14,Desktop,0,0,1
8960,Male,59,AU,Family,156,45,0.32,Mobile,0,1,0
8961,Other,34,US,Premium,246,72,0.04,Mobile,0,1,0
8962,Other,39,UK,Family,162,31,0.16,Web,0,1,1
8963,Male,19,IN,Student,112,10,0.12,Web,0,0,0
8964,Male,52,DE,Free,191,55,0.24,Web,25,0,0
8965,Other,50,PK,Family,26,2,0.21,Mobile,0,1,1
8966,Female,43,US,Student,228,50,0.04,Web,0,1,0
8967,Female,38,UK,Family,142,37,0.16,Desktop,0,1,0
8968,Female,57,UK,Free,68,18,0.29,Desktop,13,0,0
8969,Male,47,US,Family,169,58,0.24,Web,0,0,1
8970,Other,49,IN,Free,194,66,0.16,Desktop,32,1,0
8971,Other,26,AU,Student,103,41,0.12,Web,0,0,0
8972,Female,17,CA,Family,134,53,0.12,Mobile,0,1,1
8973,Male,20,US,Student,220,78,0.3,Mobile,0,0,0
8974,Male,35,CA,Family,12,1,0.3,Desktop,0,1,1
8975,Female,35,DE,Premium,243,74,0.15,Web,0,0,0
8976,Male,38,CA,Premium,111,16,0.25,Web,0,1,1
8977,Male,41,PK,Family,163,43,0.2,Mobile,0,1,0
8978,Female,19,AU,Student,197,40,0.23,Mobile,0,1,0
8979,Female,38,PK,Family,274,80,0.17,Desktop,0,0,0
8980,Female,24,FR,Family,108,28,0.16,Desktop,0,0,0
8981,Male,57,CA,Free,200,66,0.22,Desktop,26,0,0
8982,Female,32,US,Premium,21,10,0.11,Mobile,0,0,0
8983,Other,48,DE,Family,190,53,0.03,Web,0,0,1
8984,Male,55,CA,Student,246,93,0.09,Mobile,0,0,0
8985,Female,28,IN,Family,182,32,0.05,Mobile,0,1,0
8986,Other,49,CA,Free,184,47,0.26,Mobile,19,0,0
8987,Male,59,DE,Family,304,118,0.06,Mobile,0,1,0
8988,Other,48,CA,Family,64,24,0.14,Web,0,0,0
8989,Female,37,CA,Student,218,32,0.3,Web,0,1,0
8990,Female,59,FR,Free,154,26,0.18,Desktop,22,0,0
8991,Male,36,AU,Student,154,28,0.13,Desktop,0,1,0
8992,Female,42,FR,Premium,157,29,0.23,Mobile,0,1,0
8993,Female,26,IN,Family,168,29,0.39,Mobile,0,1,0
8994,Female,47,US,Student,99,27,0.28,Web,0,0,0
8995,Female,25,UK,Student,103,15,0.28,Web,0,0,1
8996,Female,26,FR,Premium,307,92,0.12,Desktop,0,0,0
8997,Female,59,FR,Family,270,82,0.91,Web,0,1,0
8998,Female,21,UK,Student,105,38,0.23,Web,0,0,0
8999,Male,54,PK,Premium,74,15,0.04,Web,0,1,0
9000,Female,50,IN,Student,113,38,0.21,Desktop,0,0,0
9001,Male,46,AU,Family,300,75,0.3,Mobile,0,1,0
9002,Female,47,DE,Family,94,29,0.22,Desktop,0,1,0
9003,Male,28,CA,Free,38,8,0.25,Mobile,6,1,0
9004,Male,36,FR,Student,59,23,0.26,Mobile,0,0,0
9005,Male,48,IN,Family,330,107,0.06,Mobile,0,1,0
9006,Male,31,DE,Student,51,27,0.15,Web,0,0,0
9007,Male,59,US,Family,97,49,0.14,Desktop,0,1,0
9008,Female,59,AU,Premium,19,29,0.35,Mobile,0,1,0
9009,Female,58,PK,Free,300,105,0.11,Desktop,60,1,0
9010,Other,58,PK,Family,109,17,0.05,Web,0,1,0
9011,Female,39,UK,Family,160,26,0.33,Mobile,0,1,1
9012,Other,26,AU,Student,153,57,0.39,Mobile,0,0,0
9013,Male,53,FR,Free,88,28,0.32,Web,14,0,0
9014,Other,40,CA,Premium,267,70,0.18,Mobile,0,0,0
9015,Other,47,FR,Family,296,90,0.04,Mobile,0,1,0
9016,Female,34,UK,Premium,287,107,0.13,Web,0,1,0
9017,Female,51,AU,Family,101,15,0.1,Desktop,0,0,0
9018,Female,43,PK,Family,22,15,0.23,Web,0,1,0
9019,Male,36,AU,Free,142,36,0.14,Mobile,30,0,0
9020,Male,43,DE,Free,124,27,0.18,Mobile,15,0,0
9021,Female,54,US,Free,5,15,0.17,Web,5,1,0
9022,Male,54,PK,Student,131,23,0.15,Web,0,0,0
9023,Other,25,DE,Family,57,35,0.25,Web,0,1,0
9024,Male,40,US,Family,179,59,0.01,Desktop,0,0,1
9025,Other,32,UK,Premium,146,28,0.34,Web,0,1,0
9026,Female,52,IN,Family,197,51,0.16,Desktop,0,0,0
9027,Female,30,US,Family,117,38,0.16,Desktop,0,0,1
9028,Female,46,CA,Family,13,15,0.29,Mobile,0,1,0
9029,Male,53,IN,Family,201,74,0.13,Desktop,0,1,1
9030,Male,51,IN,Student,135,59,0.17,Web,0,0,0
9031,Female,37,US,Student,178,40,0.08,Mobile,0,0,0
9032,Male,33,CA,Free,164,88,0.4,Web,25,1,0
9033,Male,43,US,Premium,14,14,0.2,Desktop,0,0,0
9034,Female,35,IN,Student,265,71,0.1,Mobile,0,1,0
9035,Female,44,PK,Family,185,59,0.11,Mobile,0,1,0
9036,Male,32,US,Family,138,43,0.16,Desktop,0,1,0
9037,Other,24,CA,Student,193,44,0.11,Mobile,0,1,0
9038,Female,31,IN,Premium,145,39,0.16,Mobile,0,1,1
9039,Male,45,FR,Student,151,26,0.18,Mobile,0,1,0
9040,Female,39,UK,Free,188,23,0.52,Desktop,15,0,0
9041,Female,53,UK,Family,97,19,0.32,Web,0,1,1
9042,Female,29,UK,Free,121,40,0.26,Web,20,0,1
9043,Male,18,UK,Free,118,34,0.22,Web,18,1,0
9044,Female,58,US,Family,277,103,0.1,Web,0,1,0
9045,Male,52,AU,Family,108,4,0.09,Web,0,1,0
9046,Male,54,IN,Student,223,68,0.33,Mobile,0,1,0
9047,Female,27,FR,Family,58,1,0.41,Mobile,0,0,0
9048,Female,35,IN,Family,308,115,0.02,Desktop,0,1,0
9049,Other,40,UK,Student,29,8,0.27,Web,0,0,1
9050,Male,31,PK,Free,330,120,0.2,Web,60,0,0
9051,Female,54,AU,Student,242,71,0.26,Desktop,0,0,0
9052,Male,44,UK,Free,80,3,0.08,Mobile,8,1,0
9053,Male,32,CA,Student,107,43,0.11,Desktop,0,0,0
9054,Male,53,AU,Family,198,69,0.36,Web,0,1,1
9055,Male,56,AU,Family,168,60,0.95,Desktop,0,1,0
9056,Other,41,FR,Family,165,80,0.36,Mobile,0,1,0
9057,Female,39,DE,Free,5,12,0.26,Desktop,18,1,0
9058,Female,36,FR,Family,146,34,0.09,Web,0,1,0
9059,Female,30,AU,Premium,271,76,0.8,Desktop,0,0,0
9060,Female,18,FR,Family,133,47,0.14,Web,0,0,0
9061,Male,45,DE,Family,167,61,0.03,Web,0,0,0
9062,Other,19,US,Premium,169,57,0.14,Desktop,0,0,0
9063,Other,20,DE,Student,186,58,0.13,Mobile,0,0,0
9064,Male,19,AU,Student,213,74,0.18,Desktop,0,1,0
9065,Male,45,IN,Family,103,48,0.15,Desktop,0,0,1
9066,Male,54,US,Family,204,69,0.1,Mobile,0,1,0
9067,Female,28,CA,Free,82,44,0.3,Desktop,13,0,0
9068,Female,40,AU,Family,140,76,0.18,Web,0,1,0
9069,Male,52,CA,Free,142,33,0.37,Mobile,16,1,0
9070,Male,25,CA,Family,150,49,0.27,Mobile,0,1,0
9071,Female,31,PK,Student,177,42,0.32,Web,0,0,1
9072,Other,55,AU,Family,184,58,0.07,Mobile,0,1,0
9073,Female,18,PK,Student,211,55,0.07,Desktop,0,1,0
9074,Other,54,DE,Family,180,36,0.42,Web,0,1,0
9075,Female,51,AU,Family,239,78,0.16,Desktop,0,1,0
9076,Male,32,CA,Student,249,82,0.08,Desktop,0,0,0
9077,Other,24,DE,Premium,22,14,0.33,Mobile,0,1,0
9078,Other,58,AU,Free,127,35,0.32,Desktop,11,0,0
9079,Female,29,UK,Free,166,48,0.29,Desktop,21,0,0
9080,Female,51,UK,Family,68,1,0.15,Web,0,1,1
9081,Male,27,UK,Premium,290,107,0.05,Desktop,0,1,0
9082,Male,40,FR,Free,188,42,0.35,Web,20,1,1
9083,Male,24,AU,Student,155,78,0.32,Desktop,0,0,0
9084,Other,39,IN,Student,188,57,0.82,Mobile,0,0,1
9085,Female,36,US,Family,127,29,0.07,Mobile,0,1,0
9086,Female,46,US,Free,110,34,0.35,Mobile,25,0,0
9087,Female,20,CA,Student,279,55,0.23,Desktop,0,0,0
9088,Male,17,CA,Student,5,1,0.21,Mobile,0,1,1
9089,Male,54,CA,Student,139,22,0.1,Mobile,0,0,0
9090,Other,59,US,Free,142,37,0.33,Mobile,12,0,0
9091,Other,23,UK,Premium,299,97,0.17,Web,0,1,0
9092,Male,34,UK,Family,249,97,0.16,Web,0,1,0
9093,Other,54,AU,Family,309,98,0.11,Desktop,0,1,0
9094,Male,55,IN,Family,158,35,0.27,Mobile,0,1,0
9095,Female,51,US,Family,122,41,0.36,Web,0,0,1
9096,Female,55,CA,Premium,159,46,0.25,Web,0,1,0
9097,Other,51,IN,Family,5,1,0.17,Web,0,0,1
9098,Female,36,US,Free,125,44,0.08,Web,22,0,1
9099,Male,59,PK,Free,234,56,0.28,Web,45,0,0
9100,Male,46,DE,Family,233,80,0.25,Web,0,0,0
9101,Male,23,AU,Student,209,50,0.05,Web,0,0,0
9102,Male,16,DE,Student,131,22,0.16,Mobile,0,0,0
9103,Other,19,CA,Student,319,120,0.2,Web,0,0,0
9104,Male,21,FR,Student,233,58,0.14,Desktop,0,0,0
9105,Other,51,FR,Family,91,7,0.22,Web,0,1,0
9106,Other,26,CA,Premium,264,39,0.08,Web,0,1,0
9107,Female,23,AU,Student,161,71,0.19,Web,0,0,0
9108,Male,21,DE,Student,103,35,0.29,Mobile,0,0,0
9109,Male,22,CA,Student,115,15,0.09,Desktop,0,0,0
9110,Male,23,AU,Student,167,37,0.17,Web,0,0,0
9111,Male,51,AU,Student,216,35,0.12,Web,0,0,0
9112,Other,58,US,Premium,225,75,0.23,Web,0,1,1
9113,Female,32,US,Student,188,68,0.27,Mobile,0,0,0
9114,Other,41,US,Family,121,36,0.23,Desktop,0,0,1
9115,Other,43,PK,Premium,291,103,0.09,Mobile,0,1,0
9116,Other,58,AU,Free,255,72,0.29,Web,33,0,0
9117,Male,46,CA,Student,29,21,0.33,Desktop,0,0,0
9118,Male,50,IN,Premium,194,40,0.18,Mobile,0,1,0
9119,Female,23,CA,Premium,160,35,0.29,Web,0,1,0
9120,Male,45,AU,Student,186,63,0.09,Desktop,0,0,1
9121,Female,38,FR,Premium,207,50,0.08,Web,0,1,0
9122,Female,32,IN,Family,137,58,0.1,Web,0,1,0
9123,Male,58,CA,Free,114,35,0.09,Mobile,14,0,0
9124,Other,49,PK,Student,208,79,0.46,Desktop,0,1,0
9125,Other,39,AU,Family,328,110,0.25,Desktop,0,0,0
9126,Other,56,CA,Premium,181,44,0.27,Mobile,0,1,0
9127,Male,59,IN,Premium,220,49,0.34,Web,0,1,0
9128,Male,32,AU,Student,168,36,0.14,Web,0,0,0
9129,Male,22,US,Student,180,50,0.31,Web,0,0,0
9130,Other,55,UK,Family,248,49,0.16,Desktop,0,0,0
9131,Other,34,AU,Free,71,39,0.42,Desktop,18,0,0
9132,Other,47,AU,Student,185,48,0.19,Mobile,0,0,0
9133,Other,51,DE,Premium,225,60,0.06,Web,0,0,0
9134,Male,26,IN,Premium,209,60,0.17,Web,0,1,0
9135,Other,34,CA,Family,207,52,0.05,Mobile,0,1,0
9136,Other,49,UK,Student,207,34,0.38,Web,0,0,0
9137,Male,56,FR,Family,183,67,0.31,Web,0,0,0
9138,Other,58,FR,Free,108,37,0.39,Web,23,1,0
9139,Male,35,PK,Free,117,22,0.15,Mobile,15,0,1
9140,Male,27,DE,Student,144,57,0.19,Web,0,0,0
9141,Male,44,FR,Student,224,71,0.27,Web,0,0,0
9142,Male,26,PK,Free,169,73,0.25,Mobile,21,0,0
9143,Other,55,PK,Family,173,19,0.29,Desktop,0,1,0
9144,Female,58,PK,Student,284,75,0.18,Web,0,0,0
9145,Female,29,AU,Student,121,44,0.28,Desktop,0,0,1
9146,Other,53,DE,Family,283,91,0.25,Desktop,0,0,0
9147,Other,53,IN,Free,60,21,0.58,Desktop,12,0,0
9148,Other,17,CA,Student,152,55,0.21,Mobile,0,1,0
9149,Other,37,UK,Family,249,69,0.29,Desktop,0,1,0
9150,Female,35,US,Premium,260,93,0.92,Mobile,0,1,1
9151,Female,19,US,Student,155,30,0.19,Mobile,0,0,0
9152,Female,17,CA,Student,127,49,0.31,Web,0,1,0
9153,Female,33,CA,Free,198,61,0.93,Web,35,0,1
9154,Female,19,DE,Student,167,35,0.22,Web,0,0,0
9155,Male,44,CA,Family,171,37,0.26,Web,0,0,0
9156,Male,51,CA,Premium,330,98,0.19,Web,0,1,0
9157,Female,41,DE,Student,205,55,0.34,Mobile,0,1,0
9158,Other,27,PK,Family,209,61,0.27,Desktop,0,1,0
9159,Other,53,PK,Family,281,94,0.12,Mobile,0,1,0
9160,Male,40,DE,Family,73,6,0.17,Web,0,1,0
9161,Male,38,CA,Family,145,48,0.22,Mobile,0,1,0
9162,Female,33,US,Student,197,39,0.22,Web,0,0,0
9163,Other,49,AU,Family,172,60,0.1,Web,0,0,1
9164,Male,45,UK,Free,167,48,0.16,Mobile,24,0,1
9165,Female,43,DE,Family,138,34,0.14,Desktop,0,0,0
9166,Male,17,AU,Student,69,21,0.18,Web,0,0,0
9167,Other,27,DE,Family,139,61,0.1,Desktop,0,1,1
9168,Female,40,DE,Free,204,79,0.28,Mobile,37,0,1
9169,Female,26,AU,Family,162,62,0.23,Desktop,0,0,0
9170,Other,22,CA,Free,110,40,0.29,Desktop,29,0,0
9171,Other,36,US,Free,139,44,0.84,Desktop,19,1,0
9172,Female,45,FR,Student,127,29,0.32,Web,0,0,1
9173,Female,17,UK,Student,203,78,0.13,Mobile,0,1,0
9174,Other,19,UK,Student,182,46,0.25,Mobile,0,0,1
9175,Other,53,PK,Family,83,9,0.29,Web,0,1,1
9176,Female,27,CA,Student,166,46,0.06,Mobile,0,1,0
9177,Male,28,CA,Student,150,52,0.47,Desktop,0,0,0
9178,Other,28,US,Premium,148,39,0.27,Desktop,0,1,1
9179,Male,22,AU,Student,187,41,0.76,Mobile,0,1,1
9180,Other,54,IN,Premium,207,48,0.09,Web,0,1,0
9181,Other,47,UK,Family,196,59,0.1,Desktop,0,0,0
9182,Female,18,IN,Free,222,69,0.24,Desktop,47,0,0
9183,Other,51,DE,Free,166,59,0.44,Mobile,25,0,1
9184,Female,31,CA,Free,206,47,0.26,Mobile,23,1,0
9185,Other,18,FR,Student,154,37,0.43,Web,0,0,1
9186,Female,57,FR,Student,147,61,0.32,Desktop,0,0,0
9187,Other,40,PK,Free,153,59,0.16,Web,23,0,0
9188,Other,26,IN,Free,139,37,0.79,Desktop,21,0,1
9189,Female,27,DE,Family,180,76,0.12,Web,0,0,0
9190,Female,24,IN,Family,73,27,0.09,Desktop,0,1,0
9191,Other,31,AU,Family,136,29,0.07,Desktop,0,0,0
9192,Female,27,DE,Free,258,52,0.11,Mobile,48,0,0
9193,Female,21,FR,Student,259,85,0.14,Mobile,0,0,0
9194,Other,46,FR,Family,132,30,0.11,Web,0,1,0
9195,Other,29,PK,Student,60,21,0.29,Desktop,0,0,0
9196,Male,31,CA,Family,5,1,0.11,Mobile,0,1,1
9197,Female,32,AU,Student,227,56,0.22,Mobile,0,0,0
9198,Female,36,DE,Student,138,25,0.07,Web,0,0,1
9199,Other,46,UK,Free,109,18,0.4,Desktop,8,0,0
9200,Female,46,AU,Free,285,104,0.33,Mobile,43,1,0
9201,Female,24,FR,Student,294,79,0.28,Mobile,0,0,0
9202,Male,23,AU,Student,189,33,0.16,Web,0,1,0
9203,Female,22,PK,Family,217,54,0.11,Desktop,0,1,0
9204,Male,42,CA,Free,132,25,0.22,Mobile,18,0,1
9205,Male,58,PK,Premium,99,36,0.25,Desktop,0,1,0
9206,Male,45,US,Premium,284,79,0.18,Mobile,0,1,0
9207,Male,22,US,Student,74,13,0.19,Web,0,0,0
9208,Male,19,AU,Student,146,55,0.13,Desktop,0,0,1
9209,Male,21,CA,Student,350,117,0.12,Web,0,0,0
9210,Female,58,US,Free,165,87,0.19,Desktop,11,1,0
9211,Female,43,UK,Family,198,57,0.1,Desktop,0,0,0
9212,Other,53,PK,Premium,195,58,0.26,Web,0,0,0
9213,Female,23,DE,Student,202,69,0.19,Desktop,0,0,0
9214,Other,46,CA,Family,124,48,0.08,Desktop,0,0,1
9215,Female,37,FR,Free,5,19,0.22,Mobile,5,0,0
9216,Other,32,AU,Student,107,40,0.2,Web,0,0,0
9217,Male,26,FR,Student,144,37,0.33,Web,0,0,0
9218,Female,49,FR,Free,195,59,0.33,Mobile,28,0,0
9219,Other,51,US,Family,341,99,0.08,Web,0,1,0
9220,Female,23,AU,Student,147,12,0.23,Web,0,0,0
9221,Female,50,AU,Family,73,32,0.38,Desktop,0,1,0
9222,Female,36,AU,Student,198,39,0.23,Desktop,0,1,1
9223,Other,17,FR,Student,32,9,0.33,Web,0,0,1
9224,Female,49,FR,Family,174,65,0.17,Mobile,0,0,0
9225,Female,36,AU,Premium,129,52,0.26,Desktop,0,1,0
9226,Female,39,AU,Family,66,10,0.11,Web,0,1,0
9227,Female,25,FR,Student,121,24,0.14,Desktop,0,0,0
9228,Other,27,DE,Premium,233,94,0.25,Desktop,0,1,0
9229,Other,28,UK,Premium,258,101,0.16,Mobile,0,1,0
9230,Male,35,AU,Student,59,8,0.83,Desktop,0,0,0
9231,Other,50,DE,Premium,189,59,0.02,Web,0,0,0
9232,Female,21,IN,Premium,83,22,0.12,Desktop,0,0,0
9233,Female,49,US,Premium,82,29,0.15,Web,0,1,0
9234,Other,21,US,Student,262,76,0.11,Web,0,0,0
9235,Male,50,IN,Free,5,1,0.34,Desktop,5,0,1
9236,Male,54,AU,Family,91,17,0.18,Mobile,0,1,1
9237,Other,55,PK,Family,160,28,0.24,Desktop,0,1,0
9238,Female,54,DE,Premium,113,38,0.25,Desktop,0,1,0
9239,Male,18,US,Student,189,58,0.34,Desktop,0,0,1
9240,Other,33,PK,Free,6,3,0.1,Web,5,1,0
9241,Male,52,US,Family,102,26,0.22,Desktop,0,1,0
9242,Other,49,AU,Family,85,6,0.1,Desktop,0,1,0
9243,Other,44,AU,Family,134,1,0.18,Desktop,0,0,0
9244,Female,31,FR,Premium,140,41,0.27,Mobile,0,1,0
9245,Other,45,AU,Premium,205,56,0.09,Mobile,0,1,0
9246,Other,32,PK,Student,117,36,0.26,Web,0,0,0
9247,Male,56,IN,Free,90,46,0.52,Mobile,5,1,1
9248,Female,46,US,Family,231,77,0.12,Desktop,0,1,0
9249,Female,22,IN,Family,159,9,0.2,Desktop,0,1,1
9250,Other,29,DE,Premium,197,70,0.2,Desktop,0,1,0
9251,Female,51,UK,Premium,241,79,0.23,Mobile,0,1,0
9252,Female,44,FR,Free,23,1,0.17,Mobile,5,1,0
9253,Female,41,FR,Premium,173,85,0.14,Web,0,0,0
9254,Female,32,CA,Premium,128,30,0.02,Mobile,0,1,0
9255,Male,43,AU,Family,37,25,0.06,Web,0,0,0
9256,Other,38,IN,Free,165,55,0.85,Mobile,16,0,0
9257,Male,28,IN,Premium,330,105,0.02,Desktop,0,0,0
9258,Other,46,FR,Free,112,7,0.42,Desktop,16,0,0
9259,Female,43,UK,Premium,213,80,0.1,Web,0,1,0
9260,Other,23,UK,Free,73,27,0.15,Mobile,5,0,0
9261,Other,40,FR,Student,237,51,0.23,Desktop,0,0,1
9262,Female,17,DE,Student,333,95,0.08,Mobile,0,0,0
9263,Male,55,CA,Premium,175,34,0.15,Mobile,0,1,0
9264,Other,56,IN,Free,189,82,0.18,Web,34,0,0
9265,Female,49,FR,Free,203,50,0.25,Desktop,24,0,0
9266,Female,31,FR,Family,271,84,0.1,Desktop,0,1,0
9267,Other,53,UK,Free,221,93,0.37,Desktop,48,0,0
9268,Male,22,US,Student,41,16,0.08,Web,0,0,1
9269,Male,55,DE,Family,197,64,0.2,Desktop,0,1,0
9270,Other,26,US,Family,188,46,0.1,Mobile,0,1,0
9271,Female,16,FR,Family,129,45,0.11,Web,0,1,1
9272,Male,56,IN,Free,205,82,0.32,Mobile,28,0,0
9273,Other,54,FR,Family,99,22,0.12,Web,0,1,0
9274,Female,53,AU,Free,173,29,0.3,Web,35,0,0
9275,Other,20,IN,Student,44,13,0.34,Mobile,0,0,0
9276,Female,22,IN,Family,192,35,0.19,Mobile,0,1,0
9277,Female,28,AU,Premium,309,109,0.28,Desktop,0,1,0
9278,Male,23,US,Student,197,55,0.13,Mobile,0,1,0
9279,Other,42,AU,Free,107,34,0.18,Desktop,17,0,1
9280,Female,52,IN,Free,34,22,0.11,Mobile,5,0,1
9281,Other,35,AU,Student,157,42,0.09,Web,0,1,0
9282,Male,30,CA,Student,87,50,0.21,Desktop,0,0,0
9283,Other,39,US,Family,124,43,0.3,Mobile,0,0,0
9284,Male,59,DE,Family,116,59,0.23,Web,0,1,0
9285,Male,49,DE,Family,350,88,0.16,Mobile,0,1,0
9286,Other,49,DE,Free,305,99,0.21,Mobile,60,0,0
9287,Other,56,PK,Family,64,6,0.3,Desktop,0,0,1
9288,Male,54,UK,Family,218,75,0.22,Desktop,0,1,0
9289,Female,31,UK,Free,100,36,0.21,Desktop,13,0,1
9290,Other,28,AU,Student,199,42,0.18,Desktop,0,0,0
9291,Other,52,FR,Family,122,58,0.16,Mobile,0,1,0
9292,Female,38,DE,Premium,173,53,0.27,Web,0,0,0
9293,Male,24,FR,Student,185,54,0.23,Mobile,0,0,1
9294,Male,44,DE,Premium,83,27,0.28,Desktop,0,0,0
9295,Female,25,AU,Student,105,19,0.08,Web,0,0,0
9296,Male,57,AU,Premium,96,44,0.25,Desktop,0,1,0
9297,Male,30,FR,Free,5,16,0.27,Desktop,5,0,1
9298,Female,28,US,Family,194,51,0.19,Web,0,0,1
9299,Other,21,US,Student,213,65,0.11,Desktop,0,0,0
9300,Male,56,IN,Premium,79,2,0.06,Web,0,1,1
9301,Other,45,US,Premium,194,53,0.31,Mobile,0,1,0
9302,Female,28,US,Student,183,61,0.72,Web,0,0,0
9303,Female,29,DE,Premium,331,120,0.2,Mobile,0,1,0
9304,Other,59,FR,Family,216,53,0.13,Web,0,1,0
9305,Other,46,AU,Family,145,46,0.19,Web,0,1,0
9306,Other,27,UK,Premium,330,100,0.02,Desktop,0,0,0
9307,Other,56,CA,Premium,192,73,0.14,Desktop,0,1,0
9308,Other,47,PK,Free,119,52,0.3,Desktop,36,1,0
9309,Female,49,UK,Family,220,56,0.16,Desktop,0,0,0
9310,Other,56,FR,Family,307,94,0.07,Web,0,1,0
9311,Other,43,CA,Family,101,29,0.15,Mobile,0,0,0
9312,Other,25,PK,Student,135,32,0.14,Web,0,0,0
9313,Other,52,CA,Student,344,96,0.2,Desktop,0,0,0
9314,Other,40,FR,Premium,188,74,0.32,Web,0,1,0
9315,Female,28,PK,Premium,51,12,0.31,Desktop,0,0,0
9316,Female,36,IN,Premium,155,32,0.14,Web,0,1,0
9317,Other,33,IN,Free,177,52,0.38,Mobile,42,0,0
9318,Male,23,AU,Free,102,45,0.08,Desktop,7,0,0
9319,Male,37,DE,Family,270,92,0.15,Desktop,0,1,0
9320,Other,20,US,Premium,182,83,0.09,Desktop,0,1,0
9321,Female,28,DE,Premium,137,52,0.01,Web,0,0,0
9322,Other,57,FR,Family,123,1,0.26,Mobile,0,1,1
9323,Female,36,UK,Family,268,66,0.18,Mobile,0,1,1
9324,Male,44,AU,Free,318,99,0.18,Mobile,41,0,0
9325,Female,44,AU,Premium,295,115,0.1,Mobile,0,1,0
9326,Other,18,CA,Student,163,54,0.21,Desktop,0,0,0
9327,Other,21,AU,Student,243,82,0.29,Desktop,0,1,0
9328,Female,58,CA,Family,200,73,0.07,Mobile,0,1,0
9329,Male,42,AU,Family,128,65,0.19,Desktop,0,1,1
9330,Other,34,UK,Free,102,14,0.34,Mobile,5,0,1
9331,Male,44,PK,Free,272,92,0.26,Web,42,0,0
9332,Other,29,UK,Student,278,76,0.12,Web,0,0,0
9333,Male,57,DE,Free,104,6,0.2,Desktop,15,0,0
9334,Other,57,PK,Family,295,94,0.18,Mobile,0,1,0
9335,Other,51,AU,Student,23,1,0.13,Web,0,0,0
9336,Female,53,IN,Family,192,38,0.09,Desktop,0,0,0
9337,Male,30,US,Premium,174,57,0.09,Mobile,0,1,0
9338,Female,22,AU,Student,63,1,0.08,Desktop,0,0,1
9339,Female,17,US,Student,132,44,0.28,Mobile,0,1,0
9340,Other,46,US,Premium,157,45,0.19,Web,0,1,0
9341,Female,58,IN,Premium,205,89,0.15,Web,0,1,0
9342,Female,23,FR,Student,151,39,0.28,Mobile,0,1,0
9343,Male,18,UK,Student,125,28,0.25,Mobile,0,0,0
9344,Female,28,IN,Family,37,1,0.12,Desktop,0,1,1
9345,Female,25,CA,Premium,169,63,0.28,Desktop,0,0,0
9346,Other,41,IN,Premium,177,54,0.2,Web,0,1,0
9347,Male,18,IN,Student,271,88,0.27,Desktop,0,0,0
9348,Male,38,FR,Family,114,43,0.39,Web,0,1,0
9349,Female,39,IN,Family,64,24,0.09,Desktop,0,0,0
9350,Male,46,FR,Family,9,1,0.21,Mobile,0,0,0
9351,Male,45,UK,Family,159,28,0.27,Mobile,0,1,0
9352,Female,27,PK,Family,216,77,0.16,Web,0,1,1
9353,Male,16,US,Student,269,64,0.24,Web,0,0,0
9354,Other,16,PK,Premium,98,30,0.34,Desktop,0,1,1
9355,Male,18,UK,Student,5,12,0.29,Mobile,0,1,1
9356,Female,39,UK,Family,33,28,0.12,Desktop,0,0,1
9357,Female,22,FR,Premium,161,56,0.16,Desktop,0,1,0
9358,Other,57,PK,Family,110,50,0.28,Mobile,0,1,1
9359,Other,52,FR,Family,227,62,0.22,Web,0,0,0
9360,Male,48,DE,Premium,162,63,0.24,Web,0,0,0
9361,Other,28,UK,Family,99,1,0.25,Web,0,1,0
9362,Female,21,UK,Student,66,22,0.18,Desktop,0,0,0
9363,Female,38,AU,Family,210,45,0.3,Mobile,0,1,0
9364,Other,38,US,Family,249,64,0.18,Desktop,0,1,0
9365,Male,22,CA,Family,118,45,0.28,Web,0,1,0
9366,Other,31,PK,Premium,289,71,0.1,Web,0,0,0
9367,Female,54,UK,Student,64,11,0.15,Desktop,0,0,0
9368,Other,38,AU,Student,86,20,0.38,Web,0,0,0
9369,Female,34,IN,Premium,207,70,0.33,Web,0,1,0
9370,Other,52,FR,Family,320,73,0.06,Mobile,0,1,0
9371,Female,58,PK,Family,209,44,0.28,Mobile,0,1,1
9372,Other,42,UK,Student,159,61,0.13,Desktop,0,1,0
9373,Male,41,IN,Family,61,51,0.22,Desktop,0,0,0
9374,Female,22,UK,Student,173,83,0.04,Mobile,0,0,0
9375,Other,18,CA,Student,68,25,0.14,Mobile,0,0,0
9376,Male,18,CA,Student,250,70,0.01,Web,0,0,0
9377,Male,54,IN,Premium,96,37,0.19,Web,0,1,0
9378,Male,45,PK,Premium,110,57,0.35,Desktop,0,0,0
9379,Male,30,US,Free,109,53,0.22,Mobile,20,0,1
9380,Male,47,FR,Premium,12,1,0.18,Mobile,0,1,1
9381,Other,24,AU,Premium,253,88,0.15,Mobile,0,1,1
9382,Male,17,CA,Premium,164,59,0.14,Desktop,0,1,0
9383,Male,19,IN,Premium,187,59,0.2,Mobile,0,0,0
9384,Male,43,CA,Premium,318,98,0.06,Mobile,0,1,0
9385,Male,52,DE,Family,167,42,0.15,Desktop,0,1,0
9386,Male,29,FR,Family,101,23,0.27,Mobile,0,1,1
9387,Female,57,US,Family,166,66,0.14,Desktop,0,1,0
9388,Male,30,US,Free,55,1,0.29,Desktop,10,0,0
9389,Female,24,US,Premium,178,63,0.11,Desktop,0,0,0
9390,Other,47,CA,Premium,202,48,0.1,Mobile,0,1,0
9391,Other,58,FR,Student,150,55,0.2,Desktop,0,0,0
9392,Female,27,UK,Free,153,54,0.31,Web,9,0,0
9393,Other,26,UK,Free,201,71,0.1,Desktop,22,0,0
9394,Male,44,CA,Family,204,78,0.46,Desktop,0,0,0
9395,Other,20,UK,Student,107,43,0.73,Web,0,0,1
9396,Other,48,FR,Family,179,26,0.2,Desktop,0,0,0
9397,Male,46,US,Free,23,2,0.17,Mobile,9,0,1
9398,Male,33,US,Family,242,56,0.77,Web,0,1,1
9399,Male,20,DE,Family,319,90,0.14,Web,0,1,0
9400,Female,33,DE,Free,168,35,0.4,Desktop,37,0,0
9401,Female,52,DE,Family,108,34,0.82,Web,0,0,1
9402,Male,39,UK,Family,49,18,0.21,Desktop,0,0,1
9403,Other,23,AU,Family,36,16,0.34,Desktop,0,1,1
9404,Female,52,AU,Family,144,59,0.23,Desktop,0,1,1
9405,Female,46,DE,Free,91,45,0.15,Mobile,16,1,0
9406,Other,56,IN,Family,10,1,0.42,Desktop,0,0,1
9407,Other,32,IN,Premium,147,48,0.15,Desktop,0,1,0
9408,Male,41,FR,Family,52,45,0.15,Web,0,1,0
9409,Female,51,US,Student,37,1,0.16,Desktop,0,0,1
9410,Female,30,AU,Premium,174,73,0.16,Desktop,0,0,1
9411,Female,41,IN,Family,5,1,0.16,Web,0,1,1
9412,Other,50,CA,Free,65,8,0.29,Mobile,12,0,0
9413,Female,32,AU,Premium,204,57,0.26,Web,0,1,0
9414,Other,41,AU,Family,105,17,0.17,Desktop,0,0,1
9415,Female,50,US,Family,195,83,0.12,Web,0,1,0
9416,Female,35,FR,Student,267,83,0.08,Web,0,0,0
9417,Female,43,AU,Family,118,32,0.18,Desktop,0,1,0
9418,Female,30,FR,Free,241,75,0.2,Desktop,29,0,0
9419,Female,34,US,Premium,174,51,0.12,Web,0,1,0
9420,Other,31,US,Free,25,18,0.36,Web,5,0,1
9421,Female,57,DE,Family,251,84,0.07,Desktop,0,1,0
9422,Other,28,US,Premium,129,36,0.21,Desktop,0,1,1
9423,Other,54,CA,Free,106,19,0.27,Desktop,17,0,0
9424,Other,36,UK,Premium,257,96,0.03,Mobile,0,0,1
9425,Male,56,US,Free,61,28,0.24,Mobile,5,0,0
9426,Other,32,DE,Family,245,87,0.26,Web,0,0,0
9427,Other,40,FR,Student,207,72,0.36,Desktop,0,0,0
9428,Other,20,DE,Student,154,60,0.25,Mobile,0,0,1
9429,Other,56,FR,Family,198,71,0.3,Mobile,0,1,0
9430,Female,48,UK,Premium,156,62,0.39,Desktop,0,1,0
9431,Female,27,UK,Student,91,12,0.79,Web,0,0,1
9432,Female,22,US,Premium,148,32,0.14,Desktop,0,1,0
9433,Other,37,AU,Family,27,21,0.25,Desktop,0,1,0
9434,Other,28,FR,Premium,273,65,0.11,Mobile,0,1,0
9435,Other,57,CA,Family,251,78,0.19,Web,0,1,0
9436,Male,31,FR,Student,29,33,0.13,Web,0,0,0
9437,Other,44,PK,Family,112,12,0.32,Desktop,0,1,0
9438,Female,28,DE,Free,207,76,0.2,Web,39,1,0
9439,Male,56,UK,Student,192,64,0.13,Mobile,0,0,0
9440,Other,26,PK,Student,201,49,0.16,Web,0,0,0
9441,Female,56,AU,Premium,214,83,0.17,Desktop,0,1,0
9442,Male,47,CA,Family,269,83,0.15,Mobile,0,1,0
9443,Other,41,FR,Free,298,103,0.19,Mobile,36,0,0
9444,Other,34,CA,Student,262,68,0.12,Web,0,0,0
9445,Male,24,PK,Premium,259,41,0.1,Desktop,0,1,0
9446,Male,27,US,Student,13,1,0.19,Web,0,0,0
9447,Other,27,PK,Free,135,38,0.46,Desktop,16,0,0
9448,Other,21,IN,Student,235,71,0.08,Mobile,0,0,0
9449,Female,45,UK,Family,113,22,0.75,Mobile,0,1,1
9450,Female,48,DE,Family,121,49,0.06,Mobile,0,1,0
9451,Other,24,CA,Premium,124,53,0.4,Web,0,1,0
9452,Male,29,DE,Premium,171,42,0.04,Mobile,0,1,0
9453,Female,46,UK,Student,94,25,0.13,Web,0,0,0
9454,Male,31,US,Free,74,43,0.28,Web,5,0,0
9455,Female,57,IN,Student,209,61,0.18,Web,0,0,0
9456,Female,17,IN,Family,162,37,0.2,Web,0,1,0
9457,Male,16,CA,Student,56,11,0.08,Mobile,0,0,1
9458,Other,23,UK,Premium,142,39,0.26,Desktop,0,1,1
9459,Female,45,PK,Family,215,65,0.24,Desktop,0,1,0
9460,Other,17,UK,Premium,81,1,0.01,Web,0,1,1
9461,Male,58,US,Premium,185,49,0.09,Mobile,0,1,0
9462,Other,52,AU,Student,110,35,0.25,Desktop,0,0,1
9463,Other,31,AU,Student,214,61,0.25,Mobile,0,0,0
9464,Male,41,FR,Premium,197,56,0.05,Mobile,0,1,0
9465,Male,34,FR,Family,37,11,0.29,Desktop,0,1,1
9466,Female,38,IN,Free,99,33,0.37,Web,22,0,0
9467,Other,50,FR,Family,156,68,0.12,Mobile,0,0,1
9468,Male,16,US,Family,191,63,0.29,Mobile,0,1,0
9469,Other,39,US,Free,76,37,0.24,Mobile,7,0,1
9470,Other,26,UK,Family,179,60,0.18,Web,0,1,1
9471,Other,53,UK,Family,123,51,0.15,Desktop,0,1,1
9472,Male,19,PK,Premium,201,58,0.18,Web,0,1,0
9473,Other,55,US,Student,225,63,0.23,Desktop,0,0,0
9474,Female,48,IN,Family,84,29,0.18,Desktop,0,0,0
9475,Male,34,CA,Premium,305,112,0.1,Mobile,0,1,0
9476,Male,29,IN,Family,63,34,0.04,Mobile,0,1,0
9477,Male,48,AU,Student,5,1,0.11,Desktop,0,0,1
9478,Female,58,AU,Premium,157,49,0.19,Web,0,1,0
9479,Male,20,DE,Student,207,84,0.09,Web,0,0,0
9480,Other,44,DE,Premium,57,32,0.07,Web,0,0,0
9481,Other,32,DE,Family,157,33,0.07,Mobile,0,1,0
9482,Male,40,UK,Family,146,22,0.27,Desktop,0,1,0
9483,Female,22,IN,Free,65,28,0.33,Web,8,0,0
9484,Other,55,FR,Family,143,31,0.12,Mobile,0,0,1
9485,Other,31,FR,Premium,166,67,0.14,Desktop,0,1,0
9486,Female,19,AU,Student,286,50,0.21,Desktop,0,0,0
9487,Other,38,PK,Family,181,16,0.25,Desktop,0,0,1
9488,Other,24,PK,Student,307,109,0.16,Desktop,0,0,0
9489,Other,43,UK,Student,123,38,0.86,Mobile,0,0,1
9490,Other,40,US,Family,238,66,0.37,Web,0,1,0
9491,Female,31,DE,Student,227,82,0.16,Web,0,0,0
9492,Male,32,DE,Family,130,76,0.19,Web,0,0,1
9493,Female,41,PK,Student,197,78,0.24,Web,0,0,0
9494,Female,41,DE,Student,18,1,0.13,Mobile,0,1,1
9495,Female,52,FR,Family,156,32,0.31,Mobile,0,1,0
9496,Female,57,CA,Premium,169,62,0.3,Desktop,0,1,0
9497,Male,32,FR,Free,5,16,0.37,Desktop,5,0,0
9498,Male,32,DE,Student,172,37,0.25,Web,0,0,0
9499,Male,52,AU,Student,318,93,0.28,Desktop,0,0,0
9500,Other,41,AU,Student,172,53,0.33,Desktop,0,0,0
9501,Female,53,FR,Family,316,119,0.06,Desktop,0,0,0
9502,Male,17,IN,Student,247,75,0.14,Desktop,0,0,0
9503,Male,21,PK,Student,165,25,0.19,Web,0,0,0
9504,Female,20,AU,Free,72,19,0.24,Web,12,0,0
9505,Female,37,US,Family,242,83,0.3,Mobile,0,1,0
9506,Male,52,FR,Family,137,16,0.09,Desktop,0,0,0
9507,Other,54,FR,Free,162,41,0.09,Desktop,25,0,0
9508,Female,42,PK,Family,118,64,0.24,Mobile,0,1,0
9509,Female,23,DE,Student,119,22,0.14,Web,0,0,0
9510,Female,19,AU,Student,52,23,0.9,Web,0,1,1
9511,Other,59,FR,Premium,291,89,0.13,Mobile,0,1,0
9512,Male,25,US,Free,155,42,0.36,Web,17,0,0
9513,Male,21,UK,Premium,5,1,0.2,Web,0,1,0
9514,Female,34,IN,Premium,204,69,0.84,Desktop,0,1,0
9515,Female,40,UK,Free,248,72,0.1,Web,39,0,0
9516,Male,52,IN,Family,274,72,0.04,Web,0,0,0
9517,Female,46,CA,Student,347,88,0.08,Web,0,0,0
9518,Female,29,UK,Premium,130,55,0.27,Web,0,1,0
9519,Other,20,PK,Student,175,58,0.25,Web,0,0,0
9520,Male,33,FR,Student,64,20,0.71,Desktop,0,0,0
9521,Male,42,CA,Student,175,48,0.06,Web,0,0,1
9522,Female,23,AU,Student,350,106,0.03,Desktop,0,0,0
9523,Female,37,US,Free,77,1,0.85,Mobile,6,0,1
9524,Female,23,IN,Premium,179,31,0.26,Mobile,0,1,0
9525,Other,30,FR,Student,5,1,0.03,Web,0,0,1
9526,Other,59,DE,Premium,186,65,0.25,Mobile,0,1,0
9527,Other,26,AU,Free,143,34,0.32,Mobile,14,0,0
9528,Male,55,DE,Family,301,116,0.03,Web,0,0,0
9529,Female,27,PK,Student,140,54,0.25,Web,0,1,0
9530,Other,42,CA,Premium,138,37,0.13,Desktop,0,1,0
9531,Female,38,FR,Premium,97,45,0.17,Web,0,1,0
9532,Male,22,IN,Premium,251,82,0.18,Desktop,0,0,0
9533,Other,28,US,Premium,225,82,0.29,Mobile,0,1,0
9534,Male,27,AU,Free,174,61,0.21,Desktop,18,0,0
9535,Male,37,FR,Student,215,49,0.24,Mobile,0,0,0
9536,Male,23,AU,Student,17,8,0.3,Web,0,0,1
9537,Other,33,CA,Student,130,30,0.12,Mobile,0,0,0
9538,Male,55,IN,Family,198,61,0.26,Mobile,0,1,0
9539,Female,55,PK,Free,100,15,0.17,Mobile,8,0,0
9540,Male,22,PK,Premium,237,63,0.33,Mobile,0,1,0
9541,Other,51,IN,Family,239,45,0.05,Web,0,1,0
9542,Other,37,DE,Family,92,29,0.24,Web,0,0,1
9543,Female,41,DE,Family,124,38,0.82,Desktop,0,1,0
9544,Male,20,IN,Student,38,9,0.21,Web,0,0,0
9545,Female,21,DE,Free,165,59,0.49,Web,10,1,0
9546,Other,48,US,Free,77,1,0.24,Desktop,11,0,0
9547,Other,39,US,Free,203,93,0.25,Web,38,0,0
9548,Female,56,FR,Family,149,64,0.27,Mobile,0,1,0
9549,Other,43,DE,Free,165,46,0.11,Mobile,38,0,0
9550,Female,33,US,Student,222,49,0.2,Web,0,0,0
9551,Other,25,PK,Free,124,54,0.26,Web,9,0,0
9552,Female,43,UK,Family,146,36,0.28,Desktop,0,1,1
9553,Female,47,FR,Family,160,63,0.11,Web,0,1,0
9554,Other,55,CA,Family,108,45,0.16,Desktop,0,1,0
9555,Other,20,UK,Free,111,32,0.3,Desktop,19,0,0
9556,Male,51,US,Premium,169,38,0.15,Mobile,0,1,0
9557,Other,34,DE,Student,125,23,0.24,Web,0,0,0
9558,Male,16,US,Premium,314,102,0.16,Desktop,0,1,0
9559,Male,41,PK,Free,124,43,0.26,Web,5,0,1
9560,Other,36,CA,Family,126,66,0.1,Desktop,0,0,0
9561,Male,19,PK,Free,103,20,0.31,Web,5,0,0
9562,Male,54,FR,Family,197,76,0.06,Mobile,0,1,1
9563,Other,28,IN,Family,240,83,0.15,Mobile,0,1,0
9564,Female,39,UK,Student,321,78,0.24,Web,0,0,0
9565,Female,50,DE,Student,190,42,0.14,Desktop,0,0,0
9566,Other,43,DE,Student,272,63,0.05,Web,0,0,0
9567,Female,44,US,Free,73,9,0.22,Desktop,8,0,1
9568,Other,41,UK,Premium,215,65,0.16,Desktop,0,0,0
9569,Male,43,AU,Family,143,35,0.27,Web,0,1,0
9570,Other,58,UK,Free,339,111,0.18,Web,42,1,0
9571,Other,38,AU,Family,84,39,0.19,Web,0,1,0
9572,Male,22,DE,Student,91,21,0.11,Desktop,0,0,0
9573,Male,23,PK,Student,347,107,0.18,Mobile,0,0,0
9574,Female,34,CA,Free,112,41,0.18,Desktop,14,0,0
9575,Male,19,IN,Premium,54,1,0.08,Web,0,1,1
9576,Female,48,FR,Premium,159,68,0.14,Web,0,1,0
9577,Other,42,PK,Premium,236,82,0.29,Web,0,1,0
9578,Male,17,IN,Student,311,102,0.19,Web,0,0,1
9579,Male,48,PK,Free,211,59,0.19,Mobile,23,0,0
9580,Male,19,US,Premium,68,22,0.03,Desktop,0,1,1
9581,Female,16,IN,Premium,58,26,0.07,Desktop,0,0,0
9582,Other,43,IN,Student,313,85,0.13,Web,0,0,0
9583,Other,52,DE,Student,201,49,0.24,Desktop,0,1,0
9584,Female,20,PK,Student,339,91,0.06,Web,0,1,0
9585,Male,30,AU,Premium,38,5,0.11,Desktop,0,1,1
9586,Other,33,CA,Premium,297,84,0.09,Mobile,0,1,0
9587,Other,27,IN,Family,196,79,0.17,Desktop,0,1,0
9588,Male,41,PK,Student,90,8,0.07,Web,0,0,0
9589,Other,27,DE,Student,148,32,0.37,Web,0,0,1
9590,Other,25,UK,Premium,148,61,0.17,Desktop,0,1,0
9591,Male,25,IN,Family,220,70,0.12,Desktop,0,1,0
9592,Female,50,UK,Free,309,103,0.13,Web,30,0,0
9593,Female,23,UK,Free,39,21,0.04,Desktop,10,0,1
9594,Female,55,AU,Free,309,81,0.18,Web,55,0,0
9595,Female,25,DE,Free,190,80,0.14,Web,27,1,0
9596,Other,26,AU,Student,302,74,0.13,Mobile,0,1,0
9597,Other,53,AU,Student,161,56,0.19,Mobile,0,0,0
9598,Female,27,US,Free,54,13,0.3,Mobile,11,0,0
9599,Female,40,IN,Premium,187,40,0.24,Web,0,0,0
9600,Female,53,IN,Family,100,35,0.1,Web,0,1,0
9601,Male,42,AU,Premium,233,56,0.16,Mobile,0,1,0
9602,Female,32,CA,Student,6,1,0.17,Web,0,0,1
9603,Other,44,DE,Family,15,23,0.13,Desktop,0,1,1
9604,Other,47,FR,Family,260,84,0.19,Mobile,0,1,0
9605,Other,42,CA,Free,25,3,0.33,Mobile,6,0,1
9606,Other,55,DE,Family,89,15,0.11,Mobile,0,1,0
9607,Other,50,UK,Student,274,90,0.05,Web,0,0,0
9608,Male,37,DE,Family,208,60,0.24,Desktop,0,1,0
9609,Male,35,AU,Free,5,1,0.28,Desktop,5,1,1
9610,Female,18,FR,Free,237,73,0.21,Desktop,45,0,0
9611,Other,29,DE,Family,73,48,0.23,Desktop,0,0,0
9612,Female,24,CA,Premium,86,20,0.24,Desktop,0,0,0
9613,Male,35,UK,Student,9,1,0.04,Desktop,0,0,0
9614,Male,38,CA,Student,271,68,0.14,Web,0,0,0
9615,Female,52,AU,Family,226,60,0.22,Web,0,0,1
9616,Other,25,FR,Free,170,36,0.49,Web,31,0,0
9617,Other,26,DE,Premium,143,28,0.2,Mobile,0,1,0
9618,Female,52,PK,Premium,202,61,0.21,Web,0,1,0
9619,Female,57,PK,Family,266,72,0.22,Desktop,0,1,1
9620,Female,38,AU,Premium,153,46,0.21,Desktop,0,1,0
9621,Other,56,FR,Free,74,49,0.21,Mobile,14,0,0
9622,Female,35,PK,Premium,297,85,0.07,Web,0,1,0
9623,Female,19,US,Student,216,76,0.03,Desktop,0,1,0
9624,Female,26,UK,Student,197,61,0.3,Desktop,0,0,0
9625,Female,17,CA,Student,138,45,0.28,Web,0,0,0
9626,Female,17,DE,Premium,327,75,0.28,Web,0,1,0
9627,Male,43,AU,Family,278,52,0.03,Web,0,0,1
9628,Other,32,FR,Student,182,65,0.21,Desktop,0,0,0
9629,Female,53,DE,Free,287,91,0.3,Desktop,51,1,0
9630,Male,29,DE,Premium,238,67,0.1,Mobile,0,1,0
9631,Female,16,IN,Student,5,1,0.39,Web,0,0,0
9632,Other,58,AU,Family,112,23,0.21,Desktop,0,0,0
9633,Male,16,CA,Premium,34,1,0.06,Desktop,0,0,1
9634,Other,35,FR,Free,80,19,0.34,Web,9,0,0
9635,Other,56,UK,Free,171,44,0.19,Mobile,46,0,1
9636,Other,33,DE,Student,199,58,0.2,Web,0,0,1
9637,Other,33,CA,Premium,184,49,0.26,Mobile,0,0,0
9638,Other,39,DE,Free,187,53,0.34,Mobile,36,0,1
9639,Other,16,FR,Free,275,66,0.02,Web,33,0,0
9640,Other,43,DE,Family,118,30,0.21,Mobile,0,1,0
9641,Male,35,DE,Premium,225,77,0.93,Desktop,0,0,0
9642,Female,38,UK,Family,230,70,0.17,Mobile,0,1,0
9643,Male,53,UK,Student,185,56,0.25,Web,0,0,0
9644,Male,16,IN,Family,149,70,0.13,Mobile,0,1,0
9645,Male,39,DE,Student,5,1,0.12,Web,0,0,0
9646,Other,32,DE,Free,74,19,0.23,Mobile,20,0,0
9647,Male,36,AU,Premium,305,106,0.01,Desktop,0,0,0
9648,Other,16,IN,Student,19,10,0.28,Desktop,0,0,1
9649,Female,26,FR,Free,74,46,0.15,Desktop,12,0,1
9650,Male,39,FR,Family,100,32,0.3,Mobile,0,1,0
9651,Male,46,FR,Family,97,4,0.39,Mobile,0,1,0
9652,Male,37,FR,Premium,242,83,0.15,Desktop,0,1,0
9653,Male,48,UK,Student,187,38,0.33,Desktop,0,1,0
9654,Female,55,IN,Free,325,118,0.25,Web,57,0,0
9655,Male,43,DE,Family,247,77,0.25,Desktop,0,1,0
9656,Male,35,CA,Free,263,91,0.21,Web,36,0,0
9657,Female,56,AU,Premium,115,53,0.34,Web,0,0,1
9658,Other,16,PK,Student,233,74,0.22,Desktop,0,0,0
9659,Other,59,FR,Family,156,36,0.31,Mobile,0,0,1
9660,Other,36,IN,Premium,169,56,0.21,Mobile,0,1,0
9661,Other,28,US,Premium,12,1,0.23,Mobile,0,1,0
9662,Female,55,CA,Student,261,87,0.26,Mobile,0,0,0
9663,Other,25,US,Family,200,60,0.75,Web,0,1,1
9664,Other,20,AU,Free,5,4,0.21,Web,5,0,1
9665,Female,19,UK,Family,19,6,0.18,Mobile,0,1,1
9666,Female,34,IN,Free,191,87,0.26,Mobile,21,0,1
9667,Male,26,UK,Family,168,49,0.27,Mobile,0,1,0
9668,Male,47,US,Family,43,1,0.33,Web,0,1,1
9669,Female,49,US,Student,145,51,0.36,Web,0,1,0
9670,Female,43,CA,Student,321,85,0.09,Web,0,0,0
9671,Other,17,DE,Student,210,60,0.15,Web,0,0,0
9672,Female,27,US,Free,82,3,0.16,Web,5,0,0
9673,Male,45,AU,Family,262,86,0.09,Mobile,0,1,0
9674,Female,20,DE,Student,199,79,0.27,Mobile,0,0,1
9675,Male,30,FR,Family,42,22,0.24,Desktop,0,1,1
9676,Female,26,IN,Free,17,5,0.16,Mobile,5,0,1
9677,Female,34,IN,Family,156,35,0.29,Mobile,0,1,0
9678,Male,50,IN,Family,229,68,0.15,Mobile,0,1,0
9679,Male,38,IN,Family,121,65,0.13,Desktop,0,0,0
9680,Male,37,FR,Premium,241,79,0.09,Web,0,1,0
9681,Female,30,DE,Family,219,34,0.14,Mobile,0,1,1
9682,Other,25,US,Student,166,46,0.19,Desktop,0,0,0
9683,Male,56,AU,Family,6,1,0.17,Mobile,0,0,1
9684,Female,54,US,Premium,103,25,0.11,Web,0,0,0
9685,Other,20,CA,Student,229,71,0.26,Web,0,0,0
9686,Male,38,DE,Free,43,1,0.41,Mobile,5,1,1
9687,Female,17,DE,Student,240,80,0.26,Mobile,0,0,0
9688,Male,37,FR,Student,133,60,0.09,Mobile,0,0,0
9689,Other,40,DE,Family,111,40,0.26,Web,0,1,0
9690,Male,47,AU,Family,165,30,0.16,Web,0,1,0
9691,Male,52,DE,Free,33,7,0.23,Desktop,5,0,1
9692,Other,18,FR,Student,282,90,0.29,Mobile,0,0,0
9693,Other,54,CA,Family,176,67,0.18,Mobile,0,1,1
9694,Male,56,US,Family,174,48,0.23,Desktop,0,1,1
9695,Female,47,PK,Student,303,94,0.12,Web,0,0,0
9696,Female,47,AU,Free,113,44,0.24,Desktop,7,0,0
9697,Male,30,IN,Free,233,76,0.3,Desktop,41,0,1
9698,Other,41,IN,Premium,170,56,0.39,Desktop,0,1,0
9699,Other,27,CA,Student,251,87,0.21,Web,0,0,0
9700,Other,42,UK,Free,157,47,0.09,Web,21,0,0
9701,Other,21,AU,Student,159,50,0.42,Desktop,0,0,0
9702,Female,53,PK,Student,116,48,0.27,Web,0,0,0
9703,Male,54,PK,Free,154,34,0.28,Mobile,30,0,0
9704,Female,20,PK,Student,98,50,0.16,Desktop,0,0,0
9705,Female,52,US,Premium,168,42,0.22,Mobile,0,0,0
9706,Male,35,IN,Premium,218,56,0.16,Desktop,0,1,0
9707,Other,17,CA,Family,321,99,0.12,Web,0,1,0
9708,Male,19,DE,Student,194,53,0.16,Web,0,0,0
9709,Other,32,CA,Family,60,35,0.76,Mobile,0,1,0
9710,Female,31,CA,Family,94,29,0.34,Web,0,0,0
9711,Other,36,IN,Premium,135,42,0.14,Mobile,0,1,0
9712,Male,48,PK,Premium,345,91,0.15,Mobile,0,0,0
9713,Other,42,AU,Premium,199,43,0.14,Web,0,1,0
9714,Female,43,UK,Family,232,76,0.34,Desktop,0,1,0
9715,Male,56,DE,Premium,117,34,0.12,Mobile,0,1,0
9716,Other,33,AU,Free,52,10,0.3,Mobile,6,1,0
9717,Other,31,DE,Student,233,63,0.44,Desktop,0,0,0
9718,Male,36,FR,Family,178,55,0.28,Web,0,1,0
9719,Male,40,US,Free,140,24,0.37,Desktop,19,0,0
9720,Male,19,CA,Free,281,102,0.09,Mobile,34,1,0
9721,Female,57,PK,Family,98,37,0.15,Web,0,1,1
9722,Male,41,IN,Family,93,25,0.17,Mobile,0,0,1
9723,Male,18,IN,Free,48,1,0.18,Web,5,0,1
9724,Female,54,IN,Premium,124,44,0.29,Desktop,0,1,0
9725,Female,38,DE,Family,159,55,0.15,Desktop,0,1,1
9726,Female,40,PK,Free,66,1,0.22,Mobile,10,0,0
9727,Other,39,IN,Free,56,31,0.19,Desktop,5,0,0
9728,Female,43,DE,Family,86,30,0.34,Web,0,1,1
9729,Male,53,CA,Family,159,55,0.15,Desktop,0,0,0
9730,Other,27,UK,Free,5,6,0.46,Desktop,5,0,1
9731,Male,31,PK,Premium,124,24,0.36,Mobile,0,1,0
9732,Female,42,DE,Family,20,1,0.13,Web,0,1,0
9733,Female,58,PK,Student,347,120,0.16,Mobile,0,0,0
9734,Female,46,AU,Student,137,49,0.09,Mobile,0,0,0
9735,Female,37,PK,Family,168,38,0.31,Web,0,1,0
9736,Male,28,FR,Family,244,43,0.09,Mobile,0,1,0
9737,Female,51,IN,Free,130,30,0.33,Mobile,8,1,1
9738,Other,35,CA,Free,171,57,0.31,Desktop,19,0,0
9739,Female,39,PK,Family,247,92,0.09,Desktop,0,1,0
9740,Female,27,IN,Free,5,1,0.18,Desktop,15,0,1
9741,Female,58,AU,Family,272,63,0.17,Mobile,0,1,0
9742,Female,17,CA,Student,130,32,0.37,Web,0,0,0
9743,Female,55,IN,Free,44,7,0.26,Mobile,5,0,1
9744,Other,21,DE,Student,114,21,0.14,Web,0,1,0
9745,Other,50,AU,Free,193,64,0.05,Web,35,0,0
9746,Female,41,IN,Family,182,64,0.1,Web,0,1,0
9747,Female,54,US,Free,169,28,0.1,Desktop,18,0,0
9748,Other,22,UK,Student,108,51,0.36,Mobile,0,0,1
9749,Male,30,CA,Free,112,63,0.15,Web,8,0,0
9750,Female,57,IN,Family,45,1,0.12,Desktop,0,0,0
9751,Female,47,DE,Free,256,68,0.21,Web,32,0,1
9752,Other,23,IN,Family,224,86,0.14,Mobile,0,1,1
9753,Female,56,DE,Premium,216,76,0.16,Desktop,0,1,0
9754,Male,49,US,Premium,190,36,0.08,Mobile,0,1,0
9755,Male,33,FR,Premium,206,51,0.13,Mobile,0,0,0
9756,Other,32,CA,Student,199,82,0.13,Desktop,0,0,0
9757,Other,30,AU,Family,263,89,0.25,Desktop,0,1,0
9758,Other,27,UK,Student,37,15,0.12,Mobile,0,0,1
9759,Female,55,CA,Family,145,58,0.14,Desktop,0,0,1
9760,Female,29,US,Student,106,51,0.23,Web,0,0,1
9761,Female,59,US,Premium,214,65,0.29,Desktop,0,0,0
9762,Female,49,FR,Family,124,20,0.15,Web,0,0,0
9763,Male,46,CA,Free,40,9,0.32,Mobile,15,0,1
9764,Female,18,FR,Student,177,64,0.13,Desktop,0,0,0
9765,Other,19,CA,Student,51,15,0.21,Web,0,0,0
9766,Other,35,UK,Free,38,18,0.13,Desktop,5,0,1
9767,Male,41,UK,Free,187,58,0.31,Web,32,0,0
9768,Other,55,CA,Family,173,63,0.82,Web,0,1,0
9769,Male,40,US,Family,49,24,0.19,Web,0,1,0
9770,Other,55,UK,Family,77,29,0.15,Mobile,0,1,0
9771,Female,28,US,Student,272,79,0.13,Desktop,0,0,0
9772,Male,26,UK,Free,106,4,0.15,Desktop,12,0,1
9773,Other,25,UK,Student,36,4,0.22,Web,0,0,1
9774,Male,28,UK,Premium,78,43,0.13,Web,0,0,0
9775,Male,34,IN,Free,183,65,0.35,Web,34,0,0
9776,Male,46,FR,Student,317,99,0.08,Desktop,0,1,0
9777,Other,36,US,Family,119,22,0.14,Web,0,1,0
9778,Male,46,DE,Free,5,15,0.27,Desktop,10,1,0
9779,Female,40,US,Student,218,46,0.1,Web,0,0,0
9780,Male,17,AU,Student,270,84,0.06,Mobile,0,0,0
9781,Other,25,PK,Free,230,77,0.14,Desktop,33,0,0
9782,Male,23,AU,Family,334,120,0.14,Web,0,1,0
9783,Male,36,CA,Family,71,19,0.1,Desktop,0,1,0
9784,Other,31,DE,Premium,105,37,0.12,Web,0,0,1
9785,Female,33,PK,Student,11,1,0.11,Web,0,0,1
9786,Female,31,DE,Premium,177,49,0.15,Web,0,0,0
9787,Female,24,US,Student,151,40,0.24,Desktop,0,1,0
9788,Female,26,CA,Family,232,55,0.32,Web,0,0,0
9789,Female,50,FR,Family,93,18,0.18,Web,0,1,0
9790,Other,43,PK,Family,284,91,0.2,Web,0,0,0
9791,Male,42,US,Student,63,38,0.06,Web,0,0,0
9792,Male,30,DE,Family,184,93,0.43,Desktop,0,1,1
9793,Male,54,FR,Student,72,22,0.15,Mobile,0,0,0
9794,Other,46,IN,Premium,178,54,0.09,Desktop,0,1,0
9795,Female,35,FR,Premium,259,106,0.03,Mobile,0,1,0
9796,Other,58,DE,Family,313,120,0.25,Desktop,0,1,0
9797,Other,36,DE,Student,222,69,0.16,Web,0,0,0
9798,Other,54,UK,Premium,286,77,0.08,Web,0,0,1
9799,Other,21,UK,Student,230,77,0.15,Desktop,0,0,0
9800,Other,54,FR,Family,172,30,0.1,Mobile,0,1,1
9801,Other,44,IN,Premium,276,99,0.25,Web,0,1,0
9802,Female,24,DE,Premium,211,53,0.16,Web,0,1,0
9803,Female,20,AU,Student,178,57,0.2,Desktop,0,0,0
9804,Male,26,PK,Premium,219,80,0.11,Desktop,0,1,0
9805,Female,24,US,Student,154,56,0.23,Web,0,0,1
9806,Male,17,IN,Premium,172,55,0.07,Desktop,0,1,0
9807,Male,50,AU,Family,215,90,0.17,Desktop,0,0,0
9808,Other,26,AU,Student,23,15,0.26,Web,0,0,1
9809,Female,38,IN,Family,197,27,0.07,Desktop,0,1,0
9810,Male,36,US,Free,48,17,0.43,Mobile,14,0,1
9811,Other,31,UK,Family,226,62,0.13,Desktop,0,1,0
9812,Other,32,AU,Free,112,27,0.14,Web,16,0,0
9813,Other,28,IN,Premium,53,50,0.23,Web,0,0,0
9814,Female,55,CA,Premium,145,27,0.18,Web,0,1,0
9815,Other,39,US,Student,244,63,0.1,Mobile,0,0,0
9816,Other,29,PK,Premium,288,82,0.23,Desktop,0,1,0
9817,Other,22,DE,Student,91,18,0.03,Desktop,0,0,0
9818,Other,23,DE,Student,273,76,0.17,Web,0,0,0
9819,Other,22,IN,Premium,193,24,0.17,Web,0,1,0
9820,Male,22,IN,Student,292,102,0.02,Web,0,0,0
9821,Other,53,PK,Free,154,52,0.3,Mobile,5,0,1
9822,Male,22,FR,Free,163,44,0.2,Mobile,25,0,0
9823,Female,57,PK,Student,169,85,0.17,Desktop,0,0,0
9824,Male,45,DE,Free,45,1,0.2,Mobile,5,0,1
9825,Female,44,UK,Family,332,120,0.11,Web,0,1,0
9826,Male,50,DE,Premium,198,69,0.09,Desktop,0,1,0
9827,Male,23,AU,Student,251,62,0.06,Desktop,0,0,0
9828,Other,36,US,Family,70,10,0.25,Mobile,0,1,0
9829,Other,41,US,Student,55,10,0.33,Web,0,0,0
9830,Male,33,AU,Free,212,45,0.18,Desktop,19,0,0
9831,Male,35,FR,Student,118,19,0.24,Web,0,0,0
9832,Female,53,CA,Family,186,60,0.28,Desktop,0,0,0
9833,Male,22,CA,Family,313,120,0.14,Mobile,0,1,1
9834,Female,20,UK,Family,266,82,0.72,Mobile,0,0,1
9835,Other,48,DE,Family,111,26,0.11,Web,0,1,0
9836,Female,53,CA,Family,108,61,0.15,Mobile,0,1,0
9837,Male,47,DE,Student,32,5,0.38,Mobile,0,1,0
9838,Male,53,FR,Student,19,18,0.29,Mobile,0,0,1
9839,Male,41,US,Premium,111,17,0.07,Desktop,0,0,0
9840,Female,41,PK,Student,183,53,0.86,Web,0,0,1
9841,Other,36,AU,Free,116,1,0.41,Web,7,0,0
9842,Male,53,IN,Family,201,71,0.13,Mobile,0,1,0
9843,Female,25,AU,Student,246,48,0.2,Desktop,0,1,0
9844,Other,50,PK,Student,159,76,0.79,Desktop,0,0,1
9845,Female,53,DE,Free,5,6,0.13,Desktop,7,1,0
9846,Other,33,DE,Family,144,45,0.11,Web,0,1,0
9847,Male,58,DE,Premium,216,74,0.34,Web,0,1,0
9848,Female,17,IN,Student,150,51,0.19,Web,0,0,0
9849,Female,44,IN,Student,124,33,0.17,Mobile,0,0,0
9850,Other,29,UK,Family,206,80,0.22,Mobile,0,1,0
9851,Other,58,IN,Family,233,56,0.09,Web,0,1,0
9852,Male,22,IN,Student,14,11,0.75,Web,0,0,1
9853,Male,52,PK,Student,19,1,0.12,Web,0,1,1
9854,Other,17,UK,Free,138,61,0.2,Desktop,20,0,0
9855,Other,23,UK,Free,189,69,0.41,Desktop,24,0,0
9856,Other,19,DE,Student,113,46,0.23,Web,0,0,0
9857,Male,54,IN,Family,156,53,0.12,Desktop,0,1,0
9858,Male,59,UK,Family,104,15,0.08,Web,0,1,1
9859,Male,43,UK,Family,218,67,0.18,Mobile,0,1,0
9860,Male,26,US,Free,42,21,0.33,Web,5,0,1
9861,Female,47,CA,Student,7,1,0.17,Web,0,0,0
9862,Male,45,UK,Free,241,100,0.52,Mobile,40,1,0
9863,Other,38,CA,Student,210,71,0.12,Mobile,0,1,0
9864,Female,54,PK,Premium,202,55,0.18,Web,0,0,0
9865,Male,37,DE,Student,344,107,0.29,Mobile,0,1,0
9866,Female,49,PK,Family,240,79,0.1,Web,0,0,0
9867,Male,16,CA,Free,186,51,0.17,Mobile,31,0,0
9868,Other,16,CA,Free,75,33,0.36,Desktop,5,0,1
9869,Female,26,US,Student,37,1,0.25,Desktop,0,0,1
9870,Other,23,PK,Premium,245,101,0.27,Mobile,0,1,0
9871,Female,23,IN,Student,83,15,0.19,Mobile,0,1,1
9872,Female,31,DE,Family,178,43,0.17,Mobile,0,1,1
9873,Other,19,FR,Free,184,64,0.09,Mobile,40,1,0
9874,Female,45,US,Family,251,99,0.09,Web,0,0,0
9875,Other,39,CA,Family,169,51,0.1,Web,0,1,0
9876,Male,44,IN,Premium,243,53,0.21,Mobile,0,1,0
9877,Female,23,PK,Student,203,44,0.19,Desktop,0,1,0
9878,Male,31,UK,Free,77,35,0.38,Mobile,17,0,0
9879,Male,42,AU,Family,90,1,0.11,Web,0,1,0
9880,Female,35,FR,Family,62,21,0.09,Desktop,0,1,0
9881,Male,21,FR,Student,41,15,0.22,Web,0,0,1
9882,Female,45,AU,Family,229,52,0.12,Web,0,0,0
9883,Male,23,CA,Student,266,86,0.1,Web,0,0,0
9884,Female,50,AU,Free,149,51,0.2,Desktop,22,0,1
9885,Other,20,US,Student,203,105,0.48,Web,0,1,0
9886,Female,25,AU,Premium,95,18,0.24,Web,0,0,0
9887,Male,31,PK,Student,115,51,0.27,Web,0,1,0
9888,Male,17,UK,Student,127,50,0.33,Web,0,0,1
9889,Female,38,AU,Family,5,1,0.26,Web,0,1,1
9890,Female,20,DE,Free,120,39,0.28,Desktop,5,0,0
9891,Other,57,US,Premium,260,61,0.16,Desktop,0,0,0
9892,Male,37,DE,Premium,118,28,0.25,Web,0,0,1
9893,Male,18,UK,Student,52,10,0.07,Mobile,0,0,0
9894,Female,43,US,Student,74,21,0.17,Mobile,0,1,0
9895,Male,57,DE,Family,111,23,0.1,Mobile,0,1,0
9896,Male,57,DE,Family,5,1,0.35,Web,0,1,1
9897,Other,51,UK,Student,120,34,0.24,Desktop,0,0,0
9898,Male,49,UK,Premium,21,1,0.11,Mobile,0,1,1
9899,Female,23,UK,Family,206,64,0.19,Mobile,0,1,0
9900,Male,59,AU,Student,211,37,0.04,Mobile,0,0,0
9901,Male,59,IN,Family,153,61,0.2,Mobile,0,1,0
9902,Other,33,DE,Free,80,9,0.21,Web,30,0,0
9903,Male,22,AU,Student,232,77,0.14,Mobile,0,0,0
9904,Other,45,IN,Student,132,59,0.16,Web,0,0,1
9905,Female,30,FR,Free,92,6,0.19,Web,15,0,0
9906,Male,48,UK,Family,316,72,0.14,Mobile,0,1,0
9907,Other,16,CA,Free,5,1,0.15,Desktop,5,1,1
9908,Other,55,DE,Family,238,46,0.3,Web,0,1,0
9909,Other,52,UK,Premium,101,7,0.26,Mobile,0,1,1
9910,Other,17,FR,Family,78,1,0.12,Desktop,0,1,0
9911,Female,53,FR,Free,229,89,0.14,Mobile,37,0,0
9912,Other,25,DE,Family,308,52,0.22,Desktop,0,1,1
9913,Other,52,CA,Free,101,20,0.24,Web,19,0,0
9914,Other,31,UK,Family,164,20,0.19,Desktop,0,1,0
9915,Female,50,IN,Free,159,55,0.4,Web,27,0,0
9916,Male,23,FR,Free,72,24,0.07,Mobile,16,1,0
9917,Other,45,US,Premium,204,75,0.33,Web,0,1,0
9918,Female,51,CA,Free,350,109,0.08,Web,60,1,1
9919,Other,19,DE,Student,95,17,0.22,Web,0,0,0
9920,Other,22,FR,Student,95,40,0.23,Desktop,0,0,0
9921,Other,36,UK,Premium,335,118,0.13,Desktop,0,1,0
9922,Other,48,US,Family,240,89,0.14,Desktop,0,0,0
9923,Other,22,DE,Premium,106,55,0.11,Web,0,1,0
9924,Other,21,US,Free,66,1,0.11,Web,11,0,0
9925,Male,42,AU,Family,199,49,0.23,Web,0,0,1
9926,Female,24,AU,Student,326,108,0.06,Web,0,1,0
9927,Female,42,IN,Family,179,56,0.26,Mobile,0,0,0
9928,Other,29,US,Family,5,15,0.11,Desktop,0,1,0
9929,Other,38,IN,Family,224,67,0.13,Desktop,0,1,0
9930,Male,36,DE,Family,153,43,0.17,Mobile,0,1,0
9931,Female,24,US,Student,165,65,0.16,Desktop,0,0,0
9932,Female,23,AU,Student,19,1,0.25,Desktop,0,1,1
9933,Other,23,AU,Student,5,1,0.16,Web,0,0,1
9934,Other,47,US,Premium,186,43,0.19,Mobile,0,1,0
9935,Other,21,IN,Family,161,40,0.14,Web,0,0,1
9936,Other,39,FR,Premium,193,49,0.14,Desktop,0,1,0
9937,Male,46,AU,Free,318,99,0.32,Desktop,52,0,1
9938,Female,53,CA,Free,247,60,0.1,Desktop,20,0,0
9939,Male,33,CA,Free,20,21,0.13,Mobile,11,0,0
9940,Other,52,IN,Family,144,25,0.41,Web,0,1,1
9941,Other,37,PK,Premium,116,64,0.3,Web,0,1,0
9942,Other,58,AU,Free,206,62,0.19,Desktop,28,0,0
9943,Other,53,DE,Premium,188,45,0.18,Desktop,0,0,0
9944,Other,47,PK,Family,69,22,0.09,Web,0,1,1
9945,Male,42,PK,Family,181,46,0.11,Desktop,0,0,1
9946,Female,30,UK,Student,169,84,0.17,Web,0,1,0
9947,Female,54,PK,Student,213,99,0.38,Mobile,0,0,1
9948,Male,26,PK,Premium,131,52,0.29,Desktop,0,0,1
9949,Female,22,CA,Student,163,65,0.18,Desktop,0,0,0
9950,Female,49,DE,Premium,172,38,0.11,Desktop,0,0,0
9951,Female,34,UK,Free,233,68,0.12,Web,35,0,1
9952,Female,32,PK,Student,167,39,0.09,Mobile,0,1,0
9953,Female,22,FR,Student,181,61,0.16,Desktop,0,0,0
9954,Other,37,IN,Family,222,65,0.37,Web,0,0,0
9955,Female,26,CA,Student,155,36,0.11,Desktop,0,0,0
9956,Other,20,UK,Student,320,99,0.09,Mobile,0,0,0
9957,Female,45,IN,Family,176,69,0.2,Mobile,0,0,0
9958,Male,47,FR,Free,71,6,0.38,Desktop,5,1,0
9959,Female,38,PK,Family,192,62,0.08,Desktop,0,1,1
9960,Other,30,CA,Family,5,15,0.05,Mobile,0,1,0
9961,Male,55,CA,Free,256,102,0.21,Desktop,25,0,1
9962,Other,40,PK,Student,163,53,0.18,Mobile,0,0,0
9963,Male,51,US,Student,226,49,0.08,Web,0,1,0
9964,Female,29,AU,Premium,164,62,0.24,Web,0,0,0
9965,Female,41,PK,Family,304,82,0.16,Web,0,0,0
9966,Female,59,FR,Family,191,44,0.1,Desktop,0,0,1
9967,Male,33,AU,Student,193,56,0.21,Mobile,0,0,0
9968,Male,17,UK,Student,142,56,0.17,Desktop,0,0,0
9969,Female,20,IN,Family,315,86,0.16,Mobile,0,1,0
9970,Male,51,UK,Family,350,104,0.12,Desktop,0,0,1
9971,Other,37,UK,Premium,113,45,0.89,Mobile,0,0,0
9972,Other,28,CA,Student,129,40,0.86,Desktop,0,0,1
9973,Other,35,AU,Family,230,53,0.88,Desktop,0,0,0
9974,Male,25,PK,Premium,234,105,0.27,Mobile,0,0,0
9975,Female,49,CA,Premium,165,45,0.16,Mobile,0,1,0
9976,Other,25,CA,Premium,203,49,0.29,Web,0,1,0
9977,Female,35,AU,Free,95,28,0.07,Desktop,32,0,1
9978,Male,38,IN,Family,210,56,0.19,Desktop,0,0,0
9979,Female,35,PK,Premium,307,88,0.18,Desktop,0,0,0
9980,Other,19,PK,Premium,139,49,0.18,Desktop,0,0,0
9981,Male,44,IN,Premium,95,5,0.12,Web,0,1,1
9982,Male,17,US,Student,274,69,0.11,Web,0,0,0
9983,Female,18,AU,Student,147,41,0.15,Desktop,0,0,0
9984,Female,26,IN,Family,86,5,0.09,Mobile,0,0,0
9985,Other,48,PK,Student,66,7,0.29,Web,0,0,0
9986,Other,59,DE,Free,115,35,0.33,Web,21,0,0
9987,Female,31,UK,Premium,195,67,0.04,Desktop,0,1,0
9988,Female,29,UK,Free,93,35,0.32,Desktop,8,0,0
9989,Other,18,CA,Student,126,66,0.26,Desktop,0,0,0
9990,Male,45,UK,Family,56,29,0.16,Web,0,1,1
9991,Male,17,US,Family,303,68,0.11,Web,0,1,0
9992,Female,53,US,Family,247,101,0.18,Web,0,1,0
9993,Male,44,IN,Premium,203,60,0.17,Desktop,0,0,0
9994,Female,19,AU,Premium,179,47,0.16,Web,0,0,0
9995,Female,36,CA,Family,181,34,0.42,Desktop,0,1,1
9996,Female,49,UK,Family,248,72,0.25,Web,0,0,0
9997,Male,35,FR,Family,191,48,0.35,Web,0,0,0
9998,Other,40,CA,Family,175,77,0.26,Web,0,1,0
9999,Male,51,DE,Family,241,50,0.19,Web,0,1,1
10000,Other,16,CA,Free,111,38,0.35,Mobile,17,0,0
